residue_number,residue_name,chain_id,has_hbond,has_charge_complement,has_pi_contact,interaction_category,partner_residues,hbond_count,charge_pair_count,pi_contact_count,hbond_partner_residues,charge_partner_residues,pi_partner_residues,is_charged,charge_type
1,ALA,A,False,False,False,none,,0,0,0,,,,False,neutral
2,ASP,A,False,False,False,none,,0,0,0,,,,True,negative
3,GLN,A,False,False,False,none,,0,0,0,,,,False,neutral
4,LEU,A,False,False,False,none,,0,0,0,,,,False,neutral
5,THR,A,False,False,False,none,,0,0,0,,,,False,neutral
6,GLU,A,False,False,False,none,,0,0,0,,,,True,negative
7,GLU,A,True,True,False,hbond_and_charge,516,1,1,0,516,516,,True,negative
8,GLN,A,False,False,False,none,,0,0,0,,,,False,neutral
9,ILE,A,False,False,False,none,,0,0,0,,,,False,neutral
10,ALA,A,False,False,False,none,,0,0,0,,,,False,neutral
11,GLU,A,False,True,False,charge_only,520,0,1,0,,520,,True,negative
12,PHE,A,False,False,False,none,,0,0,0,,,,False,neutral
13,LYS,A,False,False,False,none,,0,0,0,,,,True,positive
14,GLU,A,False,False,False,none,,0,0,0,,,,True,negative
15,ALA,A,False,False,False,none,,0,0,0,,,,False,neutral
16,PHE,A,False,False,False,none,,0,0,0,,,,False,neutral
17,SER,A,False,False,False,none,,0,0,0,,,,False,neutral
18,LEU,A,False,False,False,none,,0,0,0,,,,False,neutral
19,PHE,A,False,False,False,none,,0,0,0,,,,False,neutral
20,ASP,A,False,False,False,none,,0,0,0,,,,True,negative
21,LYS,A,False,False,False,none,,0,0,0,,,,True,positive
22,ASP,A,False,False,False,none,,0,0,0,,,,True,negative
23,GLY,A,False,False,False,none,,0,0,0,,,,False,neutral
24,ASP,A,False,False,False,none,,0,0,0,,,,True,negative
25,GLY,A,False,False,False,none,,0,0,0,,,,False,neutral
26,THR,A,False,False,False,none,,0,0,0,,,,False,neutral
27,ILE,A,False,False,False,none,,0,0,0,,,,False,neutral
28,THR,A,False,False,False,none,,0,0,0,,,,False,neutral
29,THR,A,False,False,False,none,,0,0,0,,,,False,neutral
30,LYS,A,False,False,False,none,,0,0,0,,,,True,positive
31,GLU,A,False,False,False,none,,0,0,0,,,,True,negative
32,LEU,A,False,False,False,none,,0,0,0,,,,False,neutral
33,GLY,A,False,False,False,none,,0,0,0,,,,False,neutral
34,THR,A,False,False,False,none,,0,0,0,,,,False,neutral
35,VAL,A,False,False,False,none,,0,0,0,,,,False,neutral
36,MET,A,False,False,False,none,,0,0,0,,,,False,neutral
37,ARG,A,False,False,False,none,,0,0,0,,,,True,positive
38,SER,A,False,False,False,none,,0,0,0,,,,False,neutral
39,LEU,A,False,False,False,none,,0,0,0,,,,False,neutral
40,GLY,A,False,False,False,none,,0,0,0,,,,False,neutral
41,GLN,A,False,False,False,none,,0,0,0,,,,False,neutral
42,ASN,A,False,False,False,none,,0,0,0,,,,False,neutral
43,PRO,A,False,False,False,none,,0,0,0,,,,False,neutral
44,THR,A,False,False,False,none,,0,0,0,,,,False,neutral
45,GLU,A,False,False,False,none,,0,0,0,,,,True,negative
46,ALA,A,False,False,False,none,,0,0,0,,,,False,neutral
47,GLU,A,False,True,False,charge_only,531,0,1,0,,531,,True,negative
48,LEU,A,False,False,False,none,,0,0,0,,,,False,neutral
49,GLN,A,False,False,False,none,,0,0,0,,,,False,neutral
50,ASP,A,False,False,False,none,,0,0,0,,,,True,negative
51,MET,A,False,False,False,none,,0,0,0,,,,False,neutral
52,ILE,A,False,False,False,none,,0,0,0,,,,False,neutral
53,ASN,A,False,False,False,none,,0,0,0,,,,False,neutral
54,GLU,A,False,True,False,charge_only,530,0,1,0,,530,,True,negative
55,VAL,A,False,False,False,none,,0,0,0,,,,False,neutral
56,ASP,A,False,False,False,none,,0,0,0,,,,True,negative
57,ALA,A,False,False,False,none,,0,0,0,,,,False,neutral
58,ASP,A,False,False,False,none,,0,0,0,,,,True,negative
59,GLY,A,False,False,False,none,,0,0,0,,,,False,neutral
60,ASN,A,False,False,False,none,,0,0,0,,,,False,neutral
61,GLY,A,False,False,False,none,,0,0,0,,,,False,neutral
62,THR,A,False,False,False,none,,0,0,0,,,,False,neutral
63,ILE,A,False,False,False,none,,0,0,0,,,,False,neutral
64,ASP,A,False,False,False,none,,0,0,0,,,,True,negative
65,PHE,A,False,False,False,none,,0,0,0,,,,False,neutral
66,PRO,A,False,False,False,none,,0,0,0,,,,False,neutral
67,GLU,A,False,False,False,none,,0,0,0,,,,True,negative
68,PHE,A,False,False,False,none,,0,0,0,,,,False,neutral
69,LEU,A,False,False,False,none,,0,0,0,,,,False,neutral
70,THR,A,False,False,False,none,,0,0,0,,,,False,neutral
71,MET,A,False,False,False,none,,0,0,0,,,,False,neutral
72,MET,A,False,False,True,pi_only,524,0,0,1,,,524,False,neutral
73,ALA,A,False,False,False,none,,0,0,0,,,,False,neutral
74,ARG,A,False,False,False,none,,0,0,0,,,,True,positive
75,LYS,A,False,False,False,none,,0,0,0,,,,True,positive
76,MET,A,False,False,False,none,,0,0,0,,,,False,neutral
77,LYS,A,False,False,False,none,,0,0,0,,,,True,positive
78,ASP,A,False,False,False,none,,0,0,0,,,,True,negative
79,THR,A,False,False,False,none,,0,0,0,,,,False,neutral
80,ASP,A,False,False,False,none,,0,0,0,,,,True,negative
81,SER,A,False,False,False,none,,0,0,0,,,,False,neutral
82,GLU,A,False,False,False,none,,0,0,0,,,,True,negative
83,GLU,A,False,False,False,none,,0,0,0,,,,True,negative
84,GLU,A,False,False,False,none,,0,0,0,,,,True,negative
85,ILE,A,False,False,False,none,,0,0,0,,,,False,neutral
86,ARG,A,False,False,False,none,,0,0,0,,,,True,positive
87,GLU,A,False,False,False,none,,0,0,0,,,,True,negative
88,ALA,A,False,False,False,none,,0,0,0,,,,False,neutral
89,PHE,A,False,False,False,none,,0,0,0,,,,False,neutral
90,ARG,A,False,False,False,none,,0,0,0,,,,True,positive
91,VAL,A,False,False,False,none,,0,0,0,,,,False,neutral
92,PHE,A,False,False,False,none,,0,0,0,,,,False,neutral
93,ALA,A,False,False,False,none,,0,0,0,,,,False,neutral
94,LYS,A,False,False,False,none,,0,0,0,,,,True,positive
95,ASP,A,False,False,False,none,,0,0,0,,,,True,negative
96,GLY,A,False,False,False,none,,0,0,0,,,,False,neutral
97,ASN,A,False,False,False,none,,0,0,0,,,,False,neutral
98,GLY,A,False,False,False,none,,0,0,0,,,,False,neutral
99,TYR,A,False,False,False,none,,0,0,0,,,,False,neutral
100,ILE,A,False,False,False,none,,0,0,0,,,,False,neutral
101,SER,A,False,False,False,none,,0,0,0,,,,False,neutral
102,ALA,A,False,False,False,none,,0,0,0,,,,False,neutral
103,ALA,A,False,False,False,none,,0,0,0,,,,False,neutral
104,GLU,A,False,False,False,none,,0,0,0,,,,True,negative
105,LEU,A,False,False,False,none,,0,0,0,,,,False,neutral
106,ARG,A,False,False,False,none,,0,0,0,,,,True,positive
107,HIS,A,False,False,False,none,,0,0,0,,,,True,positive
108,VAL,A,False,False,False,none,,0,0,0,,,,False,neutral
109,MET,A,False,False,False,none,,0,0,0,,,,False,neutral
110,THR,A,False,False,False,none,,0,0,0,,,,False,neutral
111,ASN,A,False,False,False,none,,0,0,0,,,,False,neutral
112,LEU,A,False,False,False,none,,0,0,0,,,,False,neutral
113,GLY,A,False,False,False,none,,0,0,0,,,,False,neutral
114,GLU,A,False,False,False,none,,0,0,0,,,,True,negative
115,LYS,A,False,False,False,none,,0,0,0,,,,True,positive
116,LEU,A,False,False,False,none,,0,0,0,,,,False,neutral
117,THR,A,False,False,False,none,,0,0,0,,,,False,neutral
118,ASP,A,False,False,False,none,,0,0,0,,,,True,negative
119,GLU,A,False,False,False,none,,0,0,0,,,,True,negative
120,GLU,A,False,False,False,none,,0,0,0,,,,True,negative
121,VAL,A,False,False,False,none,,0,0,0,,,,False,neutral
122,ASP,A,False,False,False,none,,0,0,0,,,,True,negative
123,GLU,A,False,False,False,none,,0,0,0,,,,True,negative
124,MET,A,False,False,False,none,,0,0,0,,,,False,neutral
125,ILE,A,False,False,False,none,,0,0,0,,,,False,neutral
126,ARG,A,False,False,False,none,,0,0,0,,,,True,positive
127,GLU,A,False,True,False,charge_only,"509,511",0,2,0,,"509,511",,True,negative
128,ALA,A,False,False,False,none,,0,0,0,,,,False,neutral
129,ALA,A,False,False,False,none,,0,0,0,,,,False,neutral
130,ILE,A,False,False,False,none,,0,0,0,,,,False,neutral
131,ASP,A,False,False,False,none,,0,0,0,,,,True,negative
132,GLY,A,False,False,False,none,,0,0,0,,,,False,neutral
133,ASP,A,False,False,False,none,,0,0,0,,,,True,negative
134,GLY,A,False,False,False,none,,0,0,0,,,,False,neutral
135,GLN,A,False,False,False,none,,0,0,0,,,,False,neutral
136,VAL,A,False,False,False,none,,0,0,0,,,,False,neutral
137,ASN,A,False,False,False,none,,0,0,0,,,,False,neutral
138,TYR,A,False,False,False,none,,0,0,0,,,,False,neutral
139,GLU,A,False,False,False,none,,0,0,0,,,,True,negative
140,GLU,A,False,True,False,charge_only,507,0,1,0,,507,,True,negative
141,PHE,A,False,False,False,none,,0,0,0,,,,False,neutral
142,VAL,A,False,False,False,none,,0,0,0,,,,False,neutral
143,GLN,A,False,False,False,none,,0,0,0,,,,False,neutral
144,MET,A,False,False,False,none,,0,0,0,,,,False,neutral
145,MET,A,False,False,False,none,,0,0,0,,,,False,neutral
146,THR,A,False,False,False,none,,0,0,0,,,,False,neutral
147,ALA,A,False,False,False,none,,0,0,0,,,,False,neutral
148,LYS,A,False,False,False,none,,0,0,0,,,,True,positive
