apo_bmrb,holo_bmrb,apo_pdb,holo_pdb,apo_star_path,holo_star_path,apo_pH,apo_temperature_C,apo_NaCl_mM,apo_ionic_strength_mM,holo_pH,holo_temperature_C,holo_NaCl_mM,holo_ionic_strength_mM,salt_similar,ph_similar,temp_similar,conditions_similar
18251,4700,,1cf4,/Users/tiburon/Desktop/CSP_UBQ/CS_Lists/18251_21.str,/Users/tiburon/Desktop/CSP_UBQ/CS_Lists/4700_21.str,6.5,25,,,5.5,24.85,,55.0,False,False,True,False
34688,4516,7QCX,1d5g,/Users/tiburon/Desktop/CSP_UBQ/CS_Lists/34688_3.str,/Users/tiburon/Desktop/CSP_UBQ/CS_Lists/4516_21.str,6.8,24.85,,150.0,6.8,19.85,,150.0,False,True,True,False
6268,5327,1U2N,1l8c,/Users/tiburon/Desktop/CSP_UBQ/CS_Lists/6268_21.str,/Users/tiburon/Desktop/CSP_UBQ/CS_Lists/5327_21.str,6.9,24.85,,,6.1,24.85,,150.0,False,False,True,False
6268,5987,1U2N,1r8u,/Users/tiburon/Desktop/CSP_UBQ/CS_Lists/6268_21.str,/Users/tiburon/Desktop/CSP_UBQ/CS_Lists/5987_21.str,6.9,24.85,,,6.8,24.85,,16.0,False,True,True,False
51289,5480,,1sy9,/Users/tiburon/Desktop/CSP_UBQ/CS_Lists/51289_3.str,/Users/tiburon/Desktop/CSP_UBQ/CS_Lists/5480_21.str,7.0,34.85,,,6.7,34.85,,150.0,False,True,True,False
5131,6060,,1vj6,/Users/tiburon/Desktop/CSP_UBQ/CS_Lists/5131_21.str,/Users/tiburon/Desktop/CSP_UBQ/CS_Lists/6060_21.str,6.3,24.85,,100.0,6.8,24.85,,100.0,False,True,True,False
6261,6456,1W1F,1wa7,/Users/tiburon/Desktop/CSP_UBQ/CS_Lists/6261_21.str,/Users/tiburon/Desktop/CSP_UBQ/CS_Lists/6456_21.str,6.4,24.85,,,6.4,24.85,,,False,True,True,False
5959,6748,,2aff,/Users/tiburon/Desktop/CSP_UBQ/CS_Lists/5959_21.str,/Users/tiburon/Desktop/CSP_UBQ/CS_Lists/6748_21.str,8.4,16.85,,10.0,7.4,16.85,,,False,False,True,False
4769,7002,,2g3q,/Users/tiburon/Desktop/CSP_UBQ/CS_Lists/4769_21.str,/Users/tiburon/Desktop/CSP_UBQ/CS_Lists/7002_21.str,7.5,29.85,,,6.0,,,,False,False,False,False
6592,7241,,2hug,/Users/tiburon/Desktop/CSP_UBQ/CS_Lists/6592_21.str,/Users/tiburon/Desktop/CSP_UBQ/CS_Lists/7241_21.str,6.4,24.85,,,6.5,24.85,,,False,True,True,False
15503,15504,,2jw1,/Users/tiburon/Desktop/CSP_UBQ/CS_Lists/15503_21.str,/Users/tiburon/Desktop/CSP_UBQ/CS_Lists/15504_21.str,6.5,14.85,,20.0,6.5,14.85,,20.0,False,True,True,False
51289,15624,,2jzi,/Users/tiburon/Desktop/CSP_UBQ/CS_Lists/51289_3.str,/Users/tiburon/Desktop/CSP_UBQ/CS_Lists/15624_21.str,7.0,34.85,,,6.5,36.85,,,False,True,True,False
27288,15919,,2k7l,/Users/tiburon/Desktop/CSP_UBQ/CS_Lists/27288_21.str,/Users/tiburon/Desktop/CSP_UBQ/CS_Lists/15919_21.str,6.5,24.85,,20.0,6.5,26.85,,25.0,False,True,True,False
6268,16014,1U2N,2ka4,/Users/tiburon/Desktop/CSP_UBQ/CS_Lists/6268_21.str,/Users/tiburon/Desktop/CSP_UBQ/CS_Lists/16014_21.str,6.9,24.85,,,6.8,31.85,,50.0,False,True,False,False
4789,16015,,2ka6,/Users/tiburon/Desktop/CSP_UBQ/CS_Lists/4789_21.str,/Users/tiburon/Desktop/CSP_UBQ/CS_Lists/16015_21.str,5.8,24.85,,,6.8,16.85,,50.0,False,False,False,False
6374,16510,1XWH,2ke1,/Users/tiburon/Desktop/CSP_UBQ/CS_Lists/6374_21.str,/Users/tiburon/Desktop/CSP_UBQ/CS_Lists/16510_21.str,,21.85,,150.0,6.3,21.85,,150.0,False,False,True,False
15279,16181,2JQ6,2kfh,/Users/tiburon/Desktop/CSP_UBQ/CS_Lists/15279_21.str,/Users/tiburon/Desktop/CSP_UBQ/CS_Lists/16181_21.str,7.0,24.85,,150.0,,24.85,,100.0,False,False,True,False
16585,15357,2KQ3,2khs,/Users/tiburon/Desktop/CSP_UBQ/CS_Lists/16585_21.str,/Users/tiburon/Desktop/CSP_UBQ/CS_Lists/15357_21.str,5.0,26.85,,250.0,5.0,26.85,,150.0,False,True,True,False
4789,16318,,2kje,/Users/tiburon/Desktop/CSP_UBQ/CS_Lists/4789_21.str,/Users/tiburon/Desktop/CSP_UBQ/CS_Lists/16318_21.str,5.8,24.85,,,6.8,24.85,,0.0,False,False,True,False
51289,16465,,2kne,/Users/tiburon/Desktop/CSP_UBQ/CS_Lists/51289_3.str,/Users/tiburon/Desktop/CSP_UBQ/CS_Lists/16465_21.str,7.0,34.85,,,7.5,24.85,,100.0,False,True,False,False
25349,16574,5AHT,2kpz,/Users/tiburon/Desktop/CSP_UBQ/CS_Lists/25349_21.str,/Users/tiburon/Desktop/CSP_UBQ/CS_Lists/16574_21.str,6.5,24.85,,50.0,7.0,14.85,,,False,True,False,False
25349,16575,5AHT,2kq0,/Users/tiburon/Desktop/CSP_UBQ/CS_Lists/25349_21.str,/Users/tiburon/Desktop/CSP_UBQ/CS_Lists/16575_21.str,6.5,24.85,,50.0,7.0,14.85,,,False,True,False,False
17769,16880,,2kwu,/Users/tiburon/Desktop/CSP_UBQ/CS_Lists/17769_21.str,/Users/tiburon/Desktop/CSP_UBQ/CS_Lists/16880_21.str,6.5,24.85,,50.0,6.0,14.85,,189.0,False,True,False,False
17769,16885,,2kwv,/Users/tiburon/Desktop/CSP_UBQ/CS_Lists/17769_21.str,/Users/tiburon/Desktop/CSP_UBQ/CS_Lists/16885_21.str,6.5,24.85,,50.0,6.0,14.85,,189.0,False,True,False,False
16411,17044,2KM4,2l0i,/Users/tiburon/Desktop/CSP_UBQ/CS_Lists/16411_21.str,/Users/tiburon/Desktop/CSP_UBQ/CS_Lists/17044_21.str,6.8,24.85,,100.0,7.4,24.85,,120.0,False,False,True,False
5566,17080,1N3H,2l1c,/Users/tiburon/Desktop/CSP_UBQ/CS_Lists/5566_21.str,/Users/tiburon/Desktop/CSP_UBQ/CS_Lists/17080_21.str,6.5,34.85,,,6.5,-0.15,,,False,True,False,False
30703,17200,6VED,2l3r,/Users/tiburon/Desktop/CSP_UBQ/CS_Lists/30703_21.str,/Users/tiburon/Desktop/CSP_UBQ/CS_Lists/17200_21.str,7.5,29.85,,150.0,7.0,24.85,,250.0,False,True,True,False
51289,17264,,2l53,/Users/tiburon/Desktop/CSP_UBQ/CS_Lists/51289_3.str,/Users/tiburon/Desktop/CSP_UBQ/CS_Lists/17264_21.str,7.0,34.85,,,6.3,24.85,,100.0,False,False,False,False
16555,17307,,2l6e,/Users/tiburon/Desktop/CSP_UBQ/CS_Lists/16555_21.str,/Users/tiburon/Desktop/CSP_UBQ/CS_Lists/17307_21.str,6.5,24.85,,25.0,7.0,24.85,,100.0,False,True,True,False
17285,17344,2L5U,2l75,/Users/tiburon/Desktop/CSP_UBQ/CS_Lists/17285_21.str,/Users/tiburon/Desktop/CSP_UBQ/CS_Lists/17344_21.str,7.5,24.85,,60.0,7.0,24.85,,15.0,False,True,True,False
7364,17378,2E5E,2l7u,/Users/tiburon/Desktop/CSP_UBQ/CS_Lists/7364_21.str,/Users/tiburon/Desktop/CSP_UBQ/CS_Lists/17378_21.str,7.5,24.85,,,6.5,24.85,,130.0,False,False,True,False
50128,25553,,2las,/Users/tiburon/Desktop/CSP_UBQ/CS_Lists/50128_21.str,/Users/tiburon/Desktop/CSP_UBQ/CS_Lists/25553_21.str,6.4,16.85,,50.0,6.0,24.85,,,False,True,False,False
36115,17538,5YDY,2law,/Users/tiburon/Desktop/CSP_UBQ/CS_Lists/36115_21.str,/Users/tiburon/Desktop/CSP_UBQ/CS_Lists/17538_21.str,6.0,24.85,,100.0,7.0,11.85,,420.0,False,False,False,False
36114,17540,5YDX,2lay,/Users/tiburon/Desktop/CSP_UBQ/CS_Lists/36114_21.str,/Users/tiburon/Desktop/CSP_UBQ/CS_Lists/17540_21.str,6.0,24.85,,100.0,7.0,11.85,,420.0,False,False,False,False
51289,17807,,2lgf,/Users/tiburon/Desktop/CSP_UBQ/CS_Lists/51289_3.str,/Users/tiburon/Desktop/CSP_UBQ/CS_Lists/17807_21.str,7.0,34.85,,,6.8,29.85,,100.0,False,True,True,False
17813,17808,,2lgg,/Users/tiburon/Desktop/CSP_UBQ/CS_Lists/17813_21.str,/Users/tiburon/Desktop/CSP_UBQ/CS_Lists/17808_21.str,7.0,20,,150.0,7.4,19.85,,150.0,False,True,True,False
17813,17812,,2lgk,/Users/tiburon/Desktop/CSP_UBQ/CS_Lists/17813_21.str,/Users/tiburon/Desktop/CSP_UBQ/CS_Lists/17812_21.str,7.0,20,,150.0,7.0,19.98,,150.0,False,True,True,False
51289,18027,,2ll6,/Users/tiburon/Desktop/CSP_UBQ/CS_Lists/51289_3.str,/Users/tiburon/Desktop/CSP_UBQ/CS_Lists/18027_21.str,7.0,34.85,,,6.0,24.85,,,False,False,False,False
51289,18028,,2ll7,/Users/tiburon/Desktop/CSP_UBQ/CS_Lists/51289_3.str,/Users/tiburon/Desktop/CSP_UBQ/CS_Lists/18028_21.str,7.0,34.85,,,6.0,24.85,,,False,False,False,False
6225,18229,2GS0,2lox,/Users/tiburon/Desktop/CSP_UBQ/CS_Lists/6225_21.str,/Users/tiburon/Desktop/CSP_UBQ/CS_Lists/18229_21.str,,26.85,,,6.5,26.85,,,False,False,True,False
18431,18433,2LSG,2lsj,/Users/tiburon/Desktop/CSP_UBQ/CS_Lists/18431_21.str,/Users/tiburon/Desktop/CSP_UBQ/CS_Lists/18433_21.str,7.0,24.85,,113.0,7.0,36.85,,100.0,False,True,False,False
18455,18434,2LSY,2lsk,/Users/tiburon/Desktop/CSP_UBQ/CS_Lists/18455_21.str,/Users/tiburon/Desktop/CSP_UBQ/CS_Lists/18434_21.str,7.0,-0.15,,100.0,7.0,-0.15,,100.0,False,True,True,False
15057,18439,,2lsp,/Users/tiburon/Desktop/CSP_UBQ/CS_Lists/15057_21.str,/Users/tiburon/Desktop/CSP_UBQ/CS_Lists/18439_21.str,6.0,19.85,,70.0,6.5,24.85,,100.0,False,True,True,False
5958,18518,1V49,2lue,/Users/tiburon/Desktop/CSP_UBQ/CS_Lists/5958_21.str,/Users/tiburon/Desktop/CSP_UBQ/CS_Lists/18518_21.str,7.0,24.85,,,6.8,14.85,,50.0,False,True,False,False
51289,18556,,2lv6,/Users/tiburon/Desktop/CSP_UBQ/CS_Lists/51289_3.str,/Users/tiburon/Desktop/CSP_UBQ/CS_Lists/18556_21.str,7.0,34.85,,,6.5,-0.15,,100.0,False,True,False,False
5878,18579,1SSF,2lvm,/Users/tiburon/Desktop/CSP_UBQ/CS_Lists/5878_21.str,/Users/tiburon/Desktop/CSP_UBQ/CS_Lists/18579_21.str,7.1,26.85,,200.0,7.0,24.85,,50.0,False,True,True,False
18250,18793,2LPC,2m04,/Users/tiburon/Desktop/CSP_UBQ/CS_Lists/18250_21.str,/Users/tiburon/Desktop/CSP_UBQ/CS_Lists/18793_21.str,7.3,24.85,,5.0,7.0,-0.15,,50.0,False,True,False,False
51289,17771,,2m0j,/Users/tiburon/Desktop/CSP_UBQ/CS_Lists/51289_3.str,/Users/tiburon/Desktop/CSP_UBQ/CS_Lists/17771_21.str,7.0,34.85,,,6.7,36.85,,,False,True,True,False
51289,17771,,2m0k,/Users/tiburon/Desktop/CSP_UBQ/CS_Lists/51289_3.str,/Users/tiburon/Desktop/CSP_UBQ/CS_Lists/17771_21.str,7.0,34.85,,,6.7,36.85,,,False,True,True,False
16637,18826,2KJD,2m0v,/Users/tiburon/Desktop/CSP_UBQ/CS_Lists/16637_21.str,/Users/tiburon/Desktop/CSP_UBQ/CS_Lists/18826_21.str,7.5,29.85,,,7.5,14.85,,150.0,False,True,False,False
6225,18842,2GS0,2m14,/Users/tiburon/Desktop/CSP_UBQ/CS_Lists/6225_21.str,/Users/tiburon/Desktop/CSP_UBQ/CS_Lists/18842_21.str,,26.85,,,6.5,26.85,,20.0,False,False,True,False
51289,19036,,2m55,/Users/tiburon/Desktop/CSP_UBQ/CS_Lists/51289_3.str,/Users/tiburon/Desktop/CSP_UBQ/CS_Lists/19036_21.str,7.0,34.85,,,6.36,36.85,,,False,False,True,False
15410,19394,,2mbb,/Users/tiburon/Desktop/CSP_UBQ/CS_Lists/15410_21.str,/Users/tiburon/Desktop/CSP_UBQ/CS_Lists/19394_21.str,4.6,24.85,,20.0,7.0,24.85,,100.0,False,False,True,False
15410,19399,2LD9,2mbh,/Users/tiburon/Desktop/CSP_UBQ/CS_Lists/15410_21.str,/Users/tiburon/Desktop/CSP_UBQ/CS_Lists/19399_21.str,4.6,24.85,,20.0,6.5,26.85,,20.0,False,False,True,False
51289,19238,,2mes,/Users/tiburon/Desktop/CSP_UBQ/CS_Lists/51289_3.str,/Users/tiburon/Desktop/CSP_UBQ/CS_Lists/19238_21.str,7.0,34.85,,,7.0,36.85,,100.0,False,True,True,False
51289,19586,,2mg5,/Users/tiburon/Desktop/CSP_UBQ/CS_Lists/51289_3.str,/Users/tiburon/Desktop/CSP_UBQ/CS_Lists/19586_21.str,7.0,34.85,,,6.0,24.85,,150.0,False,False,False,False
51289,19604,,2mgu,/Users/tiburon/Desktop/CSP_UBQ/CS_Lists/51289_3.str,/Users/tiburon/Desktop/CSP_UBQ/CS_Lists/19604_21.str,7.0,34.85,,,6.3,34.85,,15.0,False,False,True,False
15057,19738,,2mjv,/Users/tiburon/Desktop/CSP_UBQ/CS_Lists/15057_21.str,/Users/tiburon/Desktop/CSP_UBQ/CS_Lists/19738_21.str,6.0,19.85,,70.0,6.5,24.85,,0.0,False,True,True,False
25495,19789,,2mkp,/Users/tiburon/Desktop/CSP_UBQ/CS_Lists/25495_21.str,/Users/tiburon/Desktop/CSP_UBQ/CS_Lists/19789_21.str,6.1,29.85,,120.0,6.0,-0.15,,120.0,False,True,False,False
6225,19791,2GS0,2mkr,/Users/tiburon/Desktop/CSP_UBQ/CS_Lists/6225_21.str,/Users/tiburon/Desktop/CSP_UBQ/CS_Lists/19791_21.str,,26.85,,,6.5,26.85,,20.0,False,False,True,False
4283,19906,,2mnu,/Users/tiburon/Desktop/CSP_UBQ/CS_Lists/4283_21.str,/Users/tiburon/Desktop/CSP_UBQ/CS_Lists/19906_21.str,7.5,,,,6.0,-0.15,,20.0,False,False,False,False
6612,18876,,2mps,/Users/tiburon/Desktop/CSP_UBQ/CS_Lists/6612_21.str,/Users/tiburon/Desktop/CSP_UBQ/CS_Lists/18876_21.str,7.3,14.85,,,6.5,9.85,,50.0,False,False,True,False
2208,25104,,2ms4,/Users/tiburon/Desktop/CSP_UBQ/CS_Lists/2208_21.str,/Users/tiburon/Desktop/CSP_UBQ/CS_Lists/25104_21.str,6.5,19.85,,,6.8,31.85,,100.0,False,True,False,False
17769,25230,,2mur,/Users/tiburon/Desktop/CSP_UBQ/CS_Lists/17769_21.str,/Users/tiburon/Desktop/CSP_UBQ/CS_Lists/25230_21.str,6.5,24.85,,50.0,7.0,24.85,,100.0,False,True,True,False
5878,25347,1SSF,2mwo,/Users/tiburon/Desktop/CSP_UBQ/CS_Lists/5878_21.str,/Users/tiburon/Desktop/CSP_UBQ/CS_Lists/25347_21.str,7.1,26.85,,200.0,7.5,24.85,,25.0,False,True,True,False
5878,25348,1SSF,2mwp,/Users/tiburon/Desktop/CSP_UBQ/CS_Lists/5878_21.str,/Users/tiburon/Desktop/CSP_UBQ/CS_Lists/25348_21.str,7.1,26.85,,200.0,7.5,24.85,,25.0,False,True,True,False
6225,25540,2GS0,2n0y,/Users/tiburon/Desktop/CSP_UBQ/CS_Lists/6225_21.str,/Users/tiburon/Desktop/CSP_UBQ/CS_Lists/25540_21.str,,26.85,,,6.5,26.85,,,False,False,True,False
6304,25553,,2n1a,/Users/tiburon/Desktop/CSP_UBQ/CS_Lists/6304_21.str,/Users/tiburon/Desktop/CSP_UBQ/CS_Lists/25553_21.str,6.5,16.85,,,6.0,24.85,,,False,True,False,False
18455,25559,2LSY,2n1g,/Users/tiburon/Desktop/CSP_UBQ/CS_Lists/18455_21.str,/Users/tiburon/Desktop/CSP_UBQ/CS_Lists/25559_21.str,7.0,-0.15,,100.0,7.0,-0.15,,100.0,False,True,True,False
6225,25584,2GS0,2n23,/Users/tiburon/Desktop/CSP_UBQ/CS_Lists/6225_21.str,/Users/tiburon/Desktop/CSP_UBQ/CS_Lists/25584_21.str,,26.85,,,6.5,26.85,,0.0,False,False,True,False
51289,25852,,2n8j,/Users/tiburon/Desktop/CSP_UBQ/CS_Lists/51289_3.str,/Users/tiburon/Desktop/CSP_UBQ/CS_Lists/25852_21.str,7.0,34.85,,,7.2,24.85,,150.0,False,True,False,False
6801,25901,2AWT,2n9e,/Users/tiburon/Desktop/CSP_UBQ/CS_Lists/6801_21.str,/Users/tiburon/Desktop/CSP_UBQ/CS_Lists/25901_21.str,6.0,29.85,,,7.3,-0.15,,25.0,False,False,False,False
5958,25919,1V49,2n9x,/Users/tiburon/Desktop/CSP_UBQ/CS_Lists/5958_21.str,/Users/tiburon/Desktop/CSP_UBQ/CS_Lists/25919_21.str,7.0,24.85,,,7.0,24.85,,150.0,False,True,True,False
15125,26041,2JNS,2ncz,/Users/tiburon/Desktop/CSP_UBQ/CS_Lists/15125_21.str,/Users/tiburon/Desktop/CSP_UBQ/CS_Lists/26041_21.str,7.0,24.85,,100.0,6.5,24.85,,,False,True,True,False
15125,26042,2JNS,2nd0,/Users/tiburon/Desktop/CSP_UBQ/CS_Lists/15125_21.str,/Users/tiburon/Desktop/CSP_UBQ/CS_Lists/26042_21.str,7.0,24.85,,100.0,6.5,24.85,,,False,True,True,False
15125,26043,2JNS,2nd1,/Users/tiburon/Desktop/CSP_UBQ/CS_Lists/15125_21.str,/Users/tiburon/Desktop/CSP_UBQ/CS_Lists/26043_21.str,7.0,24.85,,100.0,6.5,24.85,,,False,True,True,False
4683,4263,,2nmb,/Users/tiburon/Desktop/CSP_UBQ/CS_Lists/4683_21.str,/Users/tiburon/Desktop/CSP_UBQ/CS_Lists/4263_21.str,6.5,29.85,,150.0,6.0,29.85,,,False,True,True,False
4122,6581,,2oj2,/Users/tiburon/Desktop/CSP_UBQ/CS_Lists/4122_21.str,/Users/tiburon/Desktop/CSP_UBQ/CS_Lists/6581_21.str,6.2,24.85,,,6.7,24.85,,,False,True,True,False
11081,11082,2RQT,2rqu,/Users/tiburon/Desktop/CSP_UBQ/CS_Lists/11081_21.str,/Users/tiburon/Desktop/CSP_UBQ/CS_Lists/11082_21.str,7.2,24.85,,,7.2,4.85,,,False,True,False,False
19125,11463,,2rs9,/Users/tiburon/Desktop/CSP_UBQ/CS_Lists/19125_21.str,/Users/tiburon/Desktop/CSP_UBQ/CS_Lists/11463_21.str,6.8,24.85,,,6.5,14.85,,100.0,False,True,False,False
4901,11578,,2ruk,/Users/tiburon/Desktop/CSP_UBQ/CS_Lists/4901_21.str,/Users/tiburon/Desktop/CSP_UBQ/CS_Lists/11578_21.str,7.4,19.85,,,6.8,31.85,,20.0,False,False,False,False
4901,11594,,2rvb,/Users/tiburon/Desktop/CSP_UBQ/CS_Lists/4901_21.str,/Users/tiburon/Desktop/CSP_UBQ/CS_Lists/11594_21.str,7.4,19.85,,,6.8,31.85,,20.0,False,False,False,False
51289,30062,,5j7j,/Users/tiburon/Desktop/CSP_UBQ/CS_Lists/51289_3.str,/Users/tiburon/Desktop/CSP_UBQ/CS_Lists/30062_21.str,7.0,34.85,,,7.0,44.85,,50.0,False,True,False,False
51289,30063,,5j8h,/Users/tiburon/Desktop/CSP_UBQ/CS_Lists/51289_3.str,/Users/tiburon/Desktop/CSP_UBQ/CS_Lists/30063_21.str,7.0,34.85,,,6.8,35,,,False,True,True,False
17044,34041,2L0I,5lvf,/Users/tiburon/Desktop/CSP_UBQ/CS_Lists/17044_21.str,/Users/tiburon/Desktop/CSP_UBQ/CS_Lists/34041_21.str,7.4,24.85,,120.0,6.8,19.85,,100.0,False,False,True,False
17044,34058,2L0I,5m9d,/Users/tiburon/Desktop/CSP_UBQ/CS_Lists/17044_21.str,/Users/tiburon/Desktop/CSP_UBQ/CS_Lists/34058_21.str,7.4,24.85,,120.0,6.8,24.85,,100.0,False,False,True,False
51289,34161,,5oeo,/Users/tiburon/Desktop/CSP_UBQ/CS_Lists/51289_3.str,/Users/tiburon/Desktop/CSP_UBQ/CS_Lists/34161_21.str,7.0,34.85,,,7.4,34.85,,84.0,False,True,True,False
51289,30196,,5tp6,/Users/tiburon/Desktop/CSP_UBQ/CS_Lists/51289_3.str,/Users/tiburon/Desktop/CSP_UBQ/CS_Lists/30196_21.str,7.0,34.85,,,6.0,24.85,,100.0,False,False,False,False
6225,30243,2GS0,5urn,/Users/tiburon/Desktop/CSP_UBQ/CS_Lists/6225_21.str,/Users/tiburon/Desktop/CSP_UBQ/CS_Lists/30243_21.str,,26.85,,,6.5,24.85,,0.0,False,False,True,False
17769,30276,,5vf0,/Users/tiburon/Desktop/CSP_UBQ/CS_Lists/17769_21.str,/Users/tiburon/Desktop/CSP_UBQ/CS_Lists/30276_21.str,6.5,24.85,,50.0,6.0,24.85,,50.0,False,True,True,False
4901,36101,,5xv8,/Users/tiburon/Desktop/CSP_UBQ/CS_Lists/4901_21.str,/Users/tiburon/Desktop/CSP_UBQ/CS_Lists/36101_21.str,7.4,19.85,,,6.8,31.85,,20.0,False,False,False,False
15125,30367,2JNS,6bgg,/Users/tiburon/Desktop/CSP_UBQ/CS_Lists/15125_21.str,/Users/tiburon/Desktop/CSP_UBQ/CS_Lists/30367_21.str,7.0,24.85,,100.0,6.5,24.85,,200.0,False,True,True,False
15125,30373,2JNS,6bnh,/Users/tiburon/Desktop/CSP_UBQ/CS_Lists/15125_21.str,/Users/tiburon/Desktop/CSP_UBQ/CS_Lists/30373_21.str,7.0,24.85,,100.0,6.5,24.85,,,False,True,True,False
51289,27095,,6but,/Users/tiburon/Desktop/CSP_UBQ/CS_Lists/51289_3.str,/Users/tiburon/Desktop/CSP_UBQ/CS_Lists/27095_21.str,7.0,34.85,,,6.5,24.85,,100.0,False,True,False,False
18827,34307,,6h8c,/Users/tiburon/Desktop/CSP_UBQ/CS_Lists/18827_21.str,/Users/tiburon/Desktop/CSP_UBQ/CS_Lists/34307_21.str,6.5,24.85,,,7.0,24.85,,100.0,False,True,True,False
18792,36133,2M03,6ijq,/Users/tiburon/Desktop/CSP_UBQ/CS_Lists/18792_21.str,/Users/tiburon/Desktop/CSP_UBQ/CS_Lists/36133_21.str,7.0,-0.15,,50.0,6.5,24.85,,150.0,False,True,False,False
28070,34384,,6r5g,/Users/tiburon/Desktop/CSP_UBQ/CS_Lists/28070_21.str,/Users/tiburon/Desktop/CSP_UBQ/CS_Lists/34384_21.str,6.8,24.85,,150.0,6.8,24.85,,150.0,False,True,True,False
26682,27692,,7l8v,/Users/tiburon/Desktop/CSP_UBQ/CS_Lists/26682_21.str,/Users/tiburon/Desktop/CSP_UBQ/CS_Lists/27692_21.str,6.5,24.85,,150.0,7.5,29.85,,233.8,False,False,True,False
51289,34608,,7nqc,/Users/tiburon/Desktop/CSP_UBQ/CS_Lists/51289_3.str,/Users/tiburon/Desktop/CSP_UBQ/CS_Lists/34608_3.str,7.0,34.85,,,6.7,24.85,,109.0,False,True,False,False
6546,34638,,7ovc,/Users/tiburon/Desktop/CSP_UBQ/CS_Lists/6546_21.str,/Users/tiburon/Desktop/CSP_UBQ/CS_Lists/34638_3.str,6.5,24.85,,,7.5,24.85,100.0,100.0,False,False,True,False
30782,30791,7JMY,7jyz,/Users/tiburon/Desktop/CSP_UBQ/CS_Lists/30782_3.str,/Users/tiburon/Desktop/CSP_UBQ/CS_Lists/30791_3.str,7.0,24.85,100.0,100.0,7.0,24.85,100.0,100.0,True,True,True,True
30782,30786,7JMY,7jq8,/Users/tiburon/Desktop/CSP_UBQ/CS_Lists/30782_3.str,/Users/tiburon/Desktop/CSP_UBQ/CS_Lists/30786_3.str,7.0,24.85,100.0,100.0,7.0,24.85,100.0,100.0,True,True,True,True
30782,30790,7JMY,7jyn,/Users/tiburon/Desktop/CSP_UBQ/CS_Lists/30782_3.str,/Users/tiburon/Desktop/CSP_UBQ/CS_Lists/30790_3.str,7.0,24.85,100.0,100.0,7.0,24.85,100.0,100.0,True,True,True,True
30316,50331,,6XMN,/Users/tiburon/Desktop/CSP_UBQ/CS_Lists/30316_21.str,/Users/tiburon/Desktop/CSP_UBQ/CS_Lists/50331_3.str,7.3,39.85,,20.0,6.0,29.85,,50.0,False,False,False,False
16803,34232,,6FGP,/Users/tiburon/Desktop/CSP_UBQ/CS_Lists/16803_21.str,/Users/tiburon/Desktop/CSP_UBQ/CS_Lists/34232_21.str,3.8,36.85,,,4.8,36.85,,130.0,False,False,True,False
52209,25694,,2N55,/Users/tiburon/Desktop/CSP_UBQ/CS_Lists/52209_3.str,/Users/tiburon/Desktop/CSP_UBQ/CS_Lists/25694_21.str,7.3,24.85,150.0,150.0,6.8,24.85,,20.0,False,True,True,False
18824,18825,,2M0U,/Users/tiburon/Desktop/CSP_UBQ/CS_Lists/18824_21.str,/Users/tiburon/Desktop/CSP_UBQ/CS_Lists/18825_21.str,7.5,14.85,,150.0,7.5,14.85,,150.0,False,True,True,False
30824,25995,,2NBV,/Users/tiburon/Desktop/CSP_UBQ/CS_Lists/30824_3.str,/Users/tiburon/Desktop/CSP_UBQ/CS_Lists/25995_21.str,6.5,10,,110.0,6.5,24.85,,50.0,False,True,False,False
6809,7024,,2FIN,/Users/tiburon/Desktop/CSP_UBQ/CS_Lists/6809_21.str,/Users/tiburon/Desktop/CSP_UBQ/CS_Lists/7024_21.str,7.0,36.85,,120.0,7.0,36.85,,,False,True,True,False
5332,7293,,2I94,/Users/tiburon/Desktop/CSP_UBQ/CS_Lists/5332_21.str,/Users/tiburon/Desktop/CSP_UBQ/CS_Lists/7293_21.str,6.7,36.85,,50.0,7.0,36.85,,20.0,False,True,True,False
4155,19989,,2MPM,/Users/tiburon/Desktop/CSP_UBQ/CS_Lists/4155_21.str,/Users/tiburon/Desktop/CSP_UBQ/CS_Lists/19989_21.str,5.0,29.85,,,7.0,39.85,,20.0,False,False,False,False
17769,36427,,7F7X,/Users/tiburon/Desktop/CSP_UBQ/CS_Lists/17769_21.str,/Users/tiburon/Desktop/CSP_UBQ/CS_Lists/36427_3.str,6.5,24.85,,50.0,7.4,24.85,150.0,150.0,False,False,True,False
15230,15525,,2KWI,/Users/tiburon/Desktop/CSP_UBQ/CS_Lists/15230_21.str,/Users/tiburon/Desktop/CSP_UBQ/CS_Lists/15525_21.str,7.6,24.85,,50.0,6.8,24.85,,,False,False,True,False
36097,30958,,7SFT,/Users/tiburon/Desktop/CSP_UBQ/CS_Lists/36097_21.str,/Users/tiburon/Desktop/CSP_UBQ/CS_Lists/30958_3.str,6.2,24.85,,150.0,6.4,24.85,,61.0,False,True,True,False
17128,17127,,2L29,/Users/tiburon/Desktop/CSP_UBQ/CS_Lists/17128_21.str,/Users/tiburon/Desktop/CSP_UBQ/CS_Lists/17127_21.str,4.2,-0.15,,,4.2,-0.15,,,False,True,True,False
15710,11040,,2ROL,/Users/tiburon/Desktop/CSP_UBQ/CS_Lists/15710_21.str,/Users/tiburon/Desktop/CSP_UBQ/CS_Lists/11040_21.str,7.5,24.85,,,7.5,24.85,,,False,True,True,False
19757,34224,,6FDT,/Users/tiburon/Desktop/CSP_UBQ/CS_Lists/19757_21.str,/Users/tiburon/Desktop/CSP_UBQ/CS_Lists/34224_21.str,6.4,19.85,,150.0,6.4,19.85,,150.0,False,True,True,False
5318,5310,,2PLD,/Users/tiburon/Desktop/CSP_UBQ/CS_Lists/5318_21.str,/Users/tiburon/Desktop/CSP_UBQ/CS_Lists/5310_21.str,6.4,29.85,,,6.4,29.85,,,False,True,True,False
17627,4453,,1H8B,/Users/tiburon/Desktop/CSP_UBQ/CS_Lists/17627_21.str,/Users/tiburon/Desktop/CSP_UBQ/CS_Lists/4453_21.str,6.6,26.85,,20.0,6.6,26.85,,,False,True,True,False
5511,11010,,2RMK,/Users/tiburon/Desktop/CSP_UBQ/CS_Lists/5511_21.str,/Users/tiburon/Desktop/CSP_UBQ/CS_Lists/11010_21.str,6.8,24.85,,65.0,7.4,24.85,,225.0,False,False,True,False
26698,4963,,1I5H,/Users/tiburon/Desktop/CSP_UBQ/CS_Lists/26698_21.str,/Users/tiburon/Desktop/CSP_UBQ/CS_Lists/4963_21.str,7.5,-0.15,,156.0,6.5,29.85,,10.0,False,False,False,False
34231,25484,,2MZD,/Users/tiburon/Desktop/CSP_UBQ/CS_Lists/34231_21.str,/Users/tiburon/Desktop/CSP_UBQ/CS_Lists/25484_21.str,6.3,29.85,,200.0,6.3,-0.15,,200.0,False,True,False,False
25866,25865,,2N8T,/Users/tiburon/Desktop/CSP_UBQ/CS_Lists/25866_21.str,/Users/tiburon/Desktop/CSP_UBQ/CS_Lists/25865_21.str,7.5,24.85,,156.0,7.5,24.85,,156.0,False,True,True,False
34231,15944,,2K8F,/Users/tiburon/Desktop/CSP_UBQ/CS_Lists/34231_21.str,/Users/tiburon/Desktop/CSP_UBQ/CS_Lists/15944_21.str,6.3,29.85,,200.0,6.3,34.85,,200.0,False,True,True,False
50942,19045,,2M5B,/Users/tiburon/Desktop/CSP_UBQ/CS_Lists/50942_3.str,/Users/tiburon/Desktop/CSP_UBQ/CS_Lists/19045_21.str,6.8,29.85,,50.0,6.8,26.85,,20.0,False,True,True,False
50149,30206,,5U5S,/Users/tiburon/Desktop/CSP_UBQ/CS_Lists/50149_3.str,/Users/tiburon/Desktop/CSP_UBQ/CS_Lists/30206_21.str,7.2,24.85,100.0,100.0,7.4,24.85,,,False,True,True,False
4683,4263,,1DDM,/Users/tiburon/Desktop/CSP_UBQ/CS_Lists/4683_21.str,/Users/tiburon/Desktop/CSP_UBQ/CS_Lists/4263_21.str,6.5,29.85,,150.0,6.0,29.85,,,False,True,True,False
6899,5808,,1PD7,/Users/tiburon/Desktop/CSP_UBQ/CS_Lists/6899_21.str,/Users/tiburon/Desktop/CSP_UBQ/CS_Lists/5808_21.str,6.3,19.85,,,6.3,19.85,,,False,True,True,False
17627,4453,,1H8B,/Users/tiburon/Desktop/CSP_UBQ/CS_Lists/17627_21.str,/Users/tiburon/Desktop/CSP_UBQ/CS_Lists/4453_21.str,6.6,26.85,,20.0,6.6,26.85,,,False,True,True,False
52275,5299,,1KLQ,/Users/tiburon/Desktop/CSP_UBQ/CS_Lists/52275_3.str,/Users/tiburon/Desktop/CSP_UBQ/CS_Lists/5299_21.str,7.0,24.85,100.0,100.0,7.4,29.85,,300.0,False,True,True,False
50765,5532,,1M4P,/Users/tiburon/Desktop/CSP_UBQ/CS_Lists/50765_3.str,/Users/tiburon/Desktop/CSP_UBQ/CS_Lists/5532_21.str,6.1,24.85,50.0,50.0,5.5,17.85,,,False,False,False,False
18785,5631,,1N7T,/Users/tiburon/Desktop/CSP_UBQ/CS_Lists/18785_21.str,/Users/tiburon/Desktop/CSP_UBQ/CS_Lists/5631_21.str,6.5,27.55,,,6.5,24.85,,250.0,False,True,True,False
4232,5738,,1NPQ,/Users/tiburon/Desktop/CSP_UBQ/CS_Lists/4232_21.str,/Users/tiburon/Desktop/CSP_UBQ/CS_Lists/5738_21.str,6.7,3.85,,,6.5,29.85,,320.0,False,True,False,False
27288,5685,,1ONV,/Users/tiburon/Desktop/CSP_UBQ/CS_Lists/27288_21.str,/Users/tiburon/Desktop/CSP_UBQ/CS_Lists/5685_21.str,6.5,24.85,,20.0,6.5,26.85,,,False,True,True,False
5131,6060,,1VJ6,/Users/tiburon/Desktop/CSP_UBQ/CS_Lists/5131_21.str,/Users/tiburon/Desktop/CSP_UBQ/CS_Lists/6060_21.str,6.3,24.85,,100.0,6.8,24.85,,100.0,False,True,True,False
6658,6659,,1YWI,/Users/tiburon/Desktop/CSP_UBQ/CS_Lists/6658_3.str,/Users/tiburon/Desktop/CSP_UBQ/CS_Lists/6659_3.str,,,,,,,,,False,False,False,False
5659,6823,,2B0F,/Users/tiburon/Desktop/CSP_UBQ/CS_Lists/5659_21.str,/Users/tiburon/Desktop/CSP_UBQ/CS_Lists/6823_21.str,6.5,24.85,,,6.5,24.85,,20.0,False,True,True,False
6691,6690,,2BN5,/Users/tiburon/Desktop/CSP_UBQ/CS_Lists/6691_21.str,/Users/tiburon/Desktop/CSP_UBQ/CS_Lists/6690_21.str,6.5,16.85,,,6.5,16.85,,,False,True,True,False
15398,6874,,2C52,/Users/tiburon/Desktop/CSP_UBQ/CS_Lists/15398_21.str,/Users/tiburon/Desktop/CSP_UBQ/CS_Lists/6874_21.str,6.7,31,,50.0,7.0,24.85,,,False,True,False,False
27227,6749,,2CZY,/Users/tiburon/Desktop/CSP_UBQ/CS_Lists/27227_21.str,/Users/tiburon/Desktop/CSP_UBQ/CS_Lists/6749_21.str,7.2,24.85,,100.0,7.5,19.85,,,False,True,True,False
6809,7024,,2FFK,/Users/tiburon/Desktop/CSP_UBQ/CS_Lists/6809_21.str,/Users/tiburon/Desktop/CSP_UBQ/CS_Lists/7024_21.str,7.0,36.85,,120.0,7.0,36.85,,,False,True,True,False
15792,7061,,2G35,/Users/tiburon/Desktop/CSP_UBQ/CS_Lists/15792_21.str,/Users/tiburon/Desktop/CSP_UBQ/CS_Lists/7061_21.str,6.8,24.85,,150.0,6.3,24.85,,,False,True,True,False
15792,7150,,2H7D,/Users/tiburon/Desktop/CSP_UBQ/CS_Lists/15792_21.str,/Users/tiburon/Desktop/CSP_UBQ/CS_Lists/7150_21.str,6.8,24.85,,150.0,6.1,24.85,,100.0,False,False,True,False
6262,15016,,2JMF,/Users/tiburon/Desktop/CSP_UBQ/CS_Lists/6262_21.str,/Users/tiburon/Desktop/CSP_UBQ/CS_Lists/15016_21.str,7.1,14.85,,150.0,6.75,19.85,,,False,True,True,False
6564,15072,,2JMX,/Users/tiburon/Desktop/CSP_UBQ/CS_Lists/6564_21.str,/Users/tiburon/Desktop/CSP_UBQ/CS_Lists/15072_21.str,6.5,26.85,,,6.5,26.85,,500.0,False,True,True,False
4184,15554,,2JXC,/Users/tiburon/Desktop/CSP_UBQ/CS_Lists/4184_21.str,/Users/tiburon/Desktop/CSP_UBQ/CS_Lists/15554_21.str,7.0,24.85,,,7.0,21.85,,100.0,False,True,True,False
15670,15671,,2K17,/Users/tiburon/Desktop/CSP_UBQ/CS_Lists/15670_21.str,/Users/tiburon/Desktop/CSP_UBQ/CS_Lists/15671_21.str,7.0,19.85,,,7.0,19.85,,,False,True,True,False
27205,16507,,2KOH,/Users/tiburon/Desktop/CSP_UBQ/CS_Lists/27205_21.str,/Users/tiburon/Desktop/CSP_UBQ/CS_Lists/16507_21.str,6.5,24.85,,150.0,6.0,24.85,,53.0,False,True,True,False
5958,15877,,2K6Q,/Users/tiburon/Desktop/CSP_UBQ/CS_Lists/5958_21.str,/Users/tiburon/Desktop/CSP_UBQ/CS_Lists/15877_21.str,7.0,24.85,,,7.0,24.85,,125.0,False,True,True,False
16066,16065,,2KC8,/Users/tiburon/Desktop/CSP_UBQ/CS_Lists/16066_21.str,/Users/tiburon/Desktop/CSP_UBQ/CS_Lists/16065_21.str,6.5,23.35,,500.0,6.5,23.35,,500.0,False,True,True,False
6374,16878,,2KFT,/Users/tiburon/Desktop/CSP_UBQ/CS_Lists/6374_21.str,/Users/tiburon/Desktop/CSP_UBQ/CS_Lists/16878_21.str,,21.85,,150.0,7.0,24.85,,250.0,False,False,True,False
30966,17103,,2L1R,/Users/tiburon/Desktop/CSP_UBQ/CS_Lists/30966_3.str,/Users/tiburon/Desktop/CSP_UBQ/CS_Lists/17103_21.str,7.2,19.85,,50.0,6.8,-0.15,,100.0,False,True,False,False
30966,25495,,2MZP,/Users/tiburon/Desktop/CSP_UBQ/CS_Lists/30966_3.str,/Users/tiburon/Desktop/CSP_UBQ/CS_Lists/25495_21.str,7.2,19.85,,50.0,6.1,29.85,,120.0,False,False,False,False
30966,5386,,1LXF,/Users/tiburon/Desktop/CSP_UBQ/CS_Lists/30966_3.str,/Users/tiburon/Desktop/CSP_UBQ/CS_Lists/5386_21.str,7.2,19.85,,50.0,6.7,29.85,,100.0,False,True,False,False
16209,16210,,2KGI,/Users/tiburon/Desktop/CSP_UBQ/CS_Lists/16209_21.str,/Users/tiburon/Desktop/CSP_UBQ/CS_Lists/16210_21.str,7.0,20.05,,20.0,7.0,20.05,,20.0,False,True,True,False
4879,16270,,2KID,/Users/tiburon/Desktop/CSP_UBQ/CS_Lists/4879_21.str,/Users/tiburon/Desktop/CSP_UBQ/CS_Lists/16270_21.str,,34.85,,,6.0,28.85,,150.0,False,False,False,False
4276,16311,,2KJ4,/Users/tiburon/Desktop/CSP_UBQ/CS_Lists/4276_21.str,/Users/tiburon/Desktop/CSP_UBQ/CS_Lists/16311_21.str,5.1,36.85,,,7.0,24.85,,200.0,False,False,False,False
7396,16467,,2KNH,/Users/tiburon/Desktop/CSP_UBQ/CS_Lists/7396_21.str,/Users/tiburon/Desktop/CSP_UBQ/CS_Lists/16467_21.str,6.8,19.85,,,6.0,29.85,,350.0,False,False,False,False
6911,16559,,2KPL,/Users/tiburon/Desktop/CSP_UBQ/CS_Lists/6911_21.str,/Users/tiburon/Desktop/CSP_UBQ/CS_Lists/16559_21.str,6.8,21.85,,,6.8,21.85,,,False,True,True,False
15279,16671,,2KSP,/Users/tiburon/Desktop/CSP_UBQ/CS_Lists/15279_21.str,/Users/tiburon/Desktop/CSP_UBQ/CS_Lists/16671_21.str,7.0,24.85,,150.0,7.0,24.85,,100.0,False,True,True,False
51472,16694,,2KTB,/Users/tiburon/Desktop/CSP_UBQ/CS_Lists/51472_3.str,/Users/tiburon/Desktop/CSP_UBQ/CS_Lists/16694_21.str,6.5,24.85,100.0,280.0,6.5,24.85,,100.0,False,True,True,False
15674,16778,,2KVM,/Users/tiburon/Desktop/CSP_UBQ/CS_Lists/15674_21.str,/Users/tiburon/Desktop/CSP_UBQ/CS_Lists/16778_21.str,7.4,24.85,,300.0,7.4,24.85,,140.0,False,True,True,False
15972,16967,,2KYL,/Users/tiburon/Desktop/CSP_UBQ/CS_Lists/15972_21.str,/Users/tiburon/Desktop/CSP_UBQ/CS_Lists/16967_21.str,7.5,24.85,,150000.0,7.5,24.85,,200.0,False,True,True,False
17018,17019,,2KZU,/Users/tiburon/Desktop/CSP_UBQ/CS_Lists/17018_21.str,/Users/tiburon/Desktop/CSP_UBQ/CS_Lists/17019_21.str,6.5,24.85,,160.0,6.5,24.85,,0.0,False,True,True,False
15763,17067,,2L0Y,/Users/tiburon/Desktop/CSP_UBQ/CS_Lists/15763_21.str,/Users/tiburon/Desktop/CSP_UBQ/CS_Lists/17067_21.str,7.0,24.85,,50.0,7.0,24.85,,50.0,False,True,True,False
17254,17255,,2L4T,/Users/tiburon/Desktop/CSP_UBQ/CS_Lists/17254_21.str,/Users/tiburon/Desktop/CSP_UBQ/CS_Lists/17255_21.str,6.5,-0.15,,50.0,6.5,-0.15,,50.0,False,True,True,False
50148,17270,,2L5E,/Users/tiburon/Desktop/CSP_UBQ/CS_Lists/50148_3.str,/Users/tiburon/Desktop/CSP_UBQ/CS_Lists/17270_21.str,7.2,24.85,100.0,100.0,7.0,24.85,,,False,True,True,False
15001,17569,,2LBM,/Users/tiburon/Desktop/CSP_UBQ/CS_Lists/15001_21.str,/Users/tiburon/Desktop/CSP_UBQ/CS_Lists/17569_21.str,6.7,26.85,,500.0,7.0,26.85,,250.0,False,True,True,False
16396,17702,,2LE8,/Users/tiburon/Desktop/CSP_UBQ/CS_Lists/16396_21.str,/Users/tiburon/Desktop/CSP_UBQ/CS_Lists/17702_21.str,6.5,36.85,,500.0,6.5,36.85,,3000.0,False,True,True,False
16835,17879,,2LI5,/Users/tiburon/Desktop/CSP_UBQ/CS_Lists/16835_21.str,/Users/tiburon/Desktop/CSP_UBQ/CS_Lists/17879_21.str,6.8,23.85,,170.0,6.8,24.85,,170.0,False,True,True,False
10318,17364,,2LOZ,/Users/tiburon/Desktop/CSP_UBQ/CS_Lists/10318_21.str,/Users/tiburon/Desktop/CSP_UBQ/CS_Lists/17364_21.str,7.0,22.85,,120.0,7.0,24.85,,200.0,False,True,True,False
25142,17407,,2LP0,/Users/tiburon/Desktop/CSP_UBQ/CS_Lists/25142_21.str,/Users/tiburon/Desktop/CSP_UBQ/CS_Lists/17407_21.str,6.5,24.85,,50.0,6.5,22.85,,125.0,False,True,True,False
18250,18238,,2LP8,/Users/tiburon/Desktop/CSP_UBQ/CS_Lists/18250_21.str,/Users/tiburon/Desktop/CSP_UBQ/CS_Lists/18238_21.str,7.3,24.85,,5.0,7.3,24.85,,50.0,False,True,True,False
10276,18490,,2LTO,/Users/tiburon/Desktop/CSP_UBQ/CS_Lists/10276_21.str,/Users/tiburon/Desktop/CSP_UBQ/CS_Lists/18490_21.str,7.0,22.85,,120.0,8.0,20,,150.0,False,False,True,False
18681,18682,,2LXM,/Users/tiburon/Desktop/CSP_UBQ/CS_Lists/18681_21.str,/Users/tiburon/Desktop/CSP_UBQ/CS_Lists/18682_21.str,6.3,24.85,,75.0,6.3,24.85,,75.0,False,True,True,False
6095,18694,,2LXS,/Users/tiburon/Desktop/CSP_UBQ/CS_Lists/6095_21.str,/Users/tiburon/Desktop/CSP_UBQ/CS_Lists/18694_21.str,5.5,26.85,,,5.8,26.85,,,False,True,True,False
17373,17942,,2M3M,/Users/tiburon/Desktop/CSP_UBQ/CS_Lists/17373_21.str,/Users/tiburon/Desktop/CSP_UBQ/CS_Lists/17942_21.str,6.9,-0.15,,50.0,6.5,19.85,,25.0,False,True,False,False
19428,19429,,2MC6,/Users/tiburon/Desktop/CSP_UBQ/CS_Lists/19428_21.str,/Users/tiburon/Desktop/CSP_UBQ/CS_Lists/19429_21.str,8.7,9.85,,10.0,8.7,9.85,,10.0,False,True,True,False
34231,19610,,2MH0,/Users/tiburon/Desktop/CSP_UBQ/CS_Lists/34231_21.str,/Users/tiburon/Desktop/CSP_UBQ/CS_Lists/19610_21.str,6.3,29.85,,200.0,6.5,-0.15,,0.0,False,True,False,False
19913,19914,,2MNZ,/Users/tiburon/Desktop/CSP_UBQ/CS_Lists/19913_21.str,/Users/tiburon/Desktop/CSP_UBQ/CS_Lists/19914_21.str,7.2,19.85,,100.0,7.4,19.85,,100.0,False,True,True,False
17173,19954,,2MOW,/Users/tiburon/Desktop/CSP_UBQ/CS_Lists/17173_21.str,/Users/tiburon/Desktop/CSP_UBQ/CS_Lists/19954_21.str,8.0,19.85,,100.0,8.0,20,,100.0,False,True,True,False
34179,25130,,2MSR,/Users/tiburon/Desktop/CSP_UBQ/CS_Lists/34179_21.str,/Users/tiburon/Desktop/CSP_UBQ/CS_Lists/25130_21.str,7.0,24.85,,200.0,7.0,24.85,,125.0,False,True,True,False
18094,19516,,2MV7,/Users/tiburon/Desktop/CSP_UBQ/CS_Lists/18094_21.str,/Users/tiburon/Desktop/CSP_UBQ/CS_Lists/19516_21.str,6.0,-0.15,,100.0,6.0,24.85,,100.0,False,True,False,False
15792,25343,,2MWN,/Users/tiburon/Desktop/CSP_UBQ/CS_Lists/15792_21.str,/Users/tiburon/Desktop/CSP_UBQ/CS_Lists/25343_21.str,6.8,24.85,,150.0,6.8,-0.15,,50.0,False,True,False,False
34537,25639,,2N3A,/Users/tiburon/Desktop/CSP_UBQ/CS_Lists/34537_3.str,/Users/tiburon/Desktop/CSP_UBQ/CS_Lists/25639_21.str,7.4,24.85,200.0,225.0,7.0,24.85,,125.0,False,True,True,False
15125,25649,,2N3K,/Users/tiburon/Desktop/CSP_UBQ/CS_Lists/15125_21.str,/Users/tiburon/Desktop/CSP_UBQ/CS_Lists/25649_21.str,7.0,24.85,,100.0,7.0,24.85,,250.0,False,True,True,False
18094,25677,,2N4Q,/Users/tiburon/Desktop/CSP_UBQ/CS_Lists/18094_21.str,/Users/tiburon/Desktop/CSP_UBQ/CS_Lists/25677_21.str,6.0,-0.15,,100.0,6.0,24.85,,100.0,False,True,False,False
10235,10236,,2ROZ,/Users/tiburon/Desktop/CSP_UBQ/CS_Lists/10235_21.str,/Users/tiburon/Desktop/CSP_UBQ/CS_Lists/10236_21.str,7.0,24.85,,120.0,7.0,22.85,,120.0,False,True,True,False
4915,10019,,2RQG,/Users/tiburon/Desktop/CSP_UBQ/CS_Lists/4915_21.str,/Users/tiburon/Desktop/CSP_UBQ/CS_Lists/10019_21.str,6.3,29.85,,200.0,6.5,29.85,,150.0,False,True,True,False
11361,11115,,2RR4,/Users/tiburon/Desktop/CSP_UBQ/CS_Lists/11361_21.str,/Users/tiburon/Desktop/CSP_UBQ/CS_Lists/11115_21.str,7.0,24.85,,120.0,7.0,24.85,,120.0,False,True,True,False
7141,11508,,2RSY,/Users/tiburon/Desktop/CSP_UBQ/CS_Lists/7141_21.str,/Users/tiburon/Desktop/CSP_UBQ/CS_Lists/11508_21.str,7.5,24.85,,,6.0,24.85,,76.0,False,False,True,False
16811,11570,,2RUI,/Users/tiburon/Desktop/CSP_UBQ/CS_Lists/16811_21.str,/Users/tiburon/Desktop/CSP_UBQ/CS_Lists/11570_21.str,6.0,24.85,,,6.0,24.85,,50.0,False,True,True,False
16697,17693,,2YKA,/Users/tiburon/Desktop/CSP_UBQ/CS_Lists/16697_21.str,/Users/tiburon/Desktop/CSP_UBQ/CS_Lists/17693_21.str,6.2,29.85,,50.0,6.2,29.85,,50.0,False,True,True,False
11095,11094,,2YS5,/Users/tiburon/Desktop/CSP_UBQ/CS_Lists/11095_21.str,/Users/tiburon/Desktop/CSP_UBQ/CS_Lists/11094_21.str,7.0,24.85,,120.0,7.0,24.85,,120.0,False,True,True,False
4901,36013,,5GOW,/Users/tiburon/Desktop/CSP_UBQ/CS_Lists/4901_21.str,/Users/tiburon/Desktop/CSP_UBQ/CS_Lists/36013_21.str,7.4,19.85,,,6.8,31.85,,20.0,False,False,False,False
4871,30010,,5I22,/Users/tiburon/Desktop/CSP_UBQ/CS_Lists/4871_21.str,/Users/tiburon/Desktop/CSP_UBQ/CS_Lists/30010_21.str,6.5,24.85,,,6.5,24.85,,,False,True,True,False
30703,30019,,5IAY,/Users/tiburon/Desktop/CSP_UBQ/CS_Lists/30703_21.str,/Users/tiburon/Desktop/CSP_UBQ/CS_Lists/30019_21.str,7.5,29.85,,150.0,7.4,24,,,False,True,False,False
34068,34067,,5MF9,/Users/tiburon/Desktop/CSP_UBQ/CS_Lists/34068_21.str,/Users/tiburon/Desktop/CSP_UBQ/CS_Lists/34067_21.str,6.5,24.85,,70.0,6.5,24.85,,50.0,False,True,True,False
30824,25979,,6CO4,/Users/tiburon/Desktop/CSP_UBQ/CS_Lists/30824_3.str,/Users/tiburon/Desktop/CSP_UBQ/CS_Lists/25979_21.str,6.5,10,,110.0,6.5,25.05,,50.0,False,True,False,False
25544,30500,,6E5N,/Users/tiburon/Desktop/CSP_UBQ/CS_Lists/25544_21.str,/Users/tiburon/Desktop/CSP_UBQ/CS_Lists/30500_21.str,6.5,9.85,,50.0,6.5,10.05,,70.0,False,True,True,False
19757,34223,,6FDP,/Users/tiburon/Desktop/CSP_UBQ/CS_Lists/19757_21.str,/Users/tiburon/Desktop/CSP_UBQ/CS_Lists/34223_21.str,6.4,19.85,,150.0,6.4,19.85,,150.0,False,True,True,False
34247,34248,,6G04,/Users/tiburon/Desktop/CSP_UBQ/CS_Lists/34247_21.str,/Users/tiburon/Desktop/CSP_UBQ/CS_Lists/34248_21.str,7.0,20,,41.0,7.0,20,,41.0,False,True,True,False
17173,34260,,6GC3,/Users/tiburon/Desktop/CSP_UBQ/CS_Lists/17173_21.str,/Users/tiburon/Desktop/CSP_UBQ/CS_Lists/34260_21.str,8.0,19.85,,100.0,8.0,19.85,,100.0,False,True,True,False
6801,36259,,6K5R,/Users/tiburon/Desktop/CSP_UBQ/CS_Lists/6801_21.str,/Users/tiburon/Desktop/CSP_UBQ/CS_Lists/36259_3.str,6.0,29.85,,,7.4,24.85,,162.7,False,False,True,False
25299,36260,,6K5T,/Users/tiburon/Desktop/CSP_UBQ/CS_Lists/25299_21.str,/Users/tiburon/Desktop/CSP_UBQ/CS_Lists/36260_3.str,6.5,24.85,,200.0,7.4,24.85,,162.7,False,False,True,False
27250,27251,,6QXZ,/Users/tiburon/Desktop/CSP_UBQ/CS_Lists/27250_21.str,/Users/tiburon/Desktop/CSP_UBQ/CS_Lists/27251_21.str,6.4,24.85,,50.0,6.4,24.85,,50.0,False,True,True,False
34394,34395,,6RH6,/Users/tiburon/Desktop/CSP_UBQ/CS_Lists/34394_21.str,/Users/tiburon/Desktop/CSP_UBQ/CS_Lists/34395_21.str,7.0,24.85,,70.0,7.0,24.85,,70.0,False,True,True,False
30808,30809,,7KLR,/Users/tiburon/Desktop/CSP_UBQ/CS_Lists/30808_3.str,/Users/tiburon/Desktop/CSP_UBQ/CS_Lists/30809_3.str,7.5,24.85,,150.0,7.5,24.85,150.0,150.0,False,True,True,False
50446,34661,,7PKU,/Users/tiburon/Desktop/CSP_UBQ/CS_Lists/50446_21.str,/Users/tiburon/Desktop/CSP_UBQ/CS_Lists/34661_3.str,6.5,24.85,,150.0,6.5,24.85,250.0,250.0,False,True,True,False
30926,30950,,7S5J,/Users/tiburon/Desktop/CSP_UBQ/CS_Lists/30926_3.str,/Users/tiburon/Desktop/CSP_UBQ/CS_Lists/30950_3.str,7.0,14.85,,150.0,7.0,14.85,150.0,150.0,False,True,True,False
27579,31080,,8SG2,/Users/tiburon/Desktop/CSP_UBQ/CS_Lists/27579_21.str,/Users/tiburon/Desktop/CSP_UBQ/CS_Lists/31080_3.str,6.5,24.85,,50.0,6.66,24.85,,100.0,False,True,True,False
25229,25230,,2mur,/Users/tiburon/Desktop/CSP_UBQ/CS_Lists/25229_21.str,/Users/tiburon/Desktop/CSP_UBQ/CS_Lists/25230_21.str,7.0,24.85,,112.5,7.0,24.85,,100.0,False,True,True,False
5073,7024,,2FIN,/Users/tiburon/Desktop/CSP_UBQ/CS_Lists/5073_21.str,/Users/tiburon/Desktop/CSP_UBQ/CS_Lists/7024_21.str,2.5,24.85,,20.0,7.0,36.85,,,False,False,False,False
15524,15525,,2KWI,/Users/tiburon/Desktop/CSP_UBQ/CS_Lists/15524_21.str,/Users/tiburon/Desktop/CSP_UBQ/CS_Lists/15525_21.str,6.3,24.85,,,6.8,24.85,,,False,True,True,False
34000,17127,,2L29,/Users/tiburon/Desktop/CSP_UBQ/CS_Lists/34000_21.str,/Users/tiburon/Desktop/CSP_UBQ/CS_Lists/17127_21.str,4.2,34.85,,0.0,4.2,-0.15,,,False,True,False,False
11532,18709,,2LY4,/Users/tiburon/Desktop/CSP_UBQ/CS_Lists/11532_21.str,/Users/tiburon/Desktop/CSP_UBQ/CS_Lists/18709_21.str,6.4,19.85,,200.0,7.0,24.85,,10.0,False,False,True,False
26643,34992,,9R3Y,/Users/tiburon/Desktop/CSP_UBQ/CS_Lists/26643_21.str,/Users/tiburon/Desktop/CSP_UBQ/CS_Lists/34992_3.str,7.0,24.85,,100.0,6.5,24.85,50.0,110.0,False,True,True,False
6075,15028,,2IPA,/Users/tiburon/Desktop/CSP_UBQ/CS_Lists/6075_21.str,/Users/tiburon/Desktop/CSP_UBQ/CS_Lists/15028_21.str,6.85,24.85,,,6.85,29.85,,80.0,False,True,True,False
52080,15866,,2K6D,/Users/tiburon/Desktop/CSP_UBQ/CS_Lists/52080_3.str,/Users/tiburon/Desktop/CSP_UBQ/CS_Lists/15866_21.str,6.0,24.85,100.0,100.0,6.4,24.85,,150.0,False,True,True,False
4566,15301,,2JQR,/Users/tiburon/Desktop/CSP_UBQ/CS_Lists/4566_21.str,/Users/tiburon/Desktop/CSP_UBQ/CS_Lists/15301_21.str,7.4,26.85,,,7.4,11.85,,400.0,False,True,False,False
5461,16809,,2K7A,/Users/tiburon/Desktop/CSP_UBQ/CS_Lists/5461_21.str,/Users/tiburon/Desktop/CSP_UBQ/CS_Lists/16809_21.str,7.4,24.85,,150.0,7.4,24.85,,75.0,False,True,True,False
11018,16809,,2K7A,/Users/tiburon/Desktop/CSP_UBQ/CS_Lists/11018_21.str,/Users/tiburon/Desktop/CSP_UBQ/CS_Lists/16809_21.str,7.4,24.85,,75.0,7.4,24.85,,75.0,False,True,True,False
15490,16788,,2KVQ,/Users/tiburon/Desktop/CSP_UBQ/CS_Lists/15490_21.str,/Users/tiburon/Desktop/CSP_UBQ/CS_Lists/16788_21.str,6.4,24.85,,,7.5,36.85,,75.0,False,False,False,False
18581,18582,,2LVO,/Users/tiburon/Desktop/CSP_UBQ/CS_Lists/18581_21.str,/Users/tiburon/Desktop/CSP_UBQ/CS_Lists/18582_21.str,7.2,24.85,,,7.2,24.85,,,False,True,True,False
18610,18582,,2LVO,/Users/tiburon/Desktop/CSP_UBQ/CS_Lists/18610_21.str,/Users/tiburon/Desktop/CSP_UBQ/CS_Lists/18582_21.str,6.5,-15.15,,10.0,7.2,24.85,,,False,False,False,False
18610,18737,,2LZ6,/Users/tiburon/Desktop/CSP_UBQ/CS_Lists/18610_21.str,/Users/tiburon/Desktop/CSP_UBQ/CS_Lists/18737_21.str,6.5,-15.15,,10.0,6.0,24.85,,0.0,False,True,False,False
15407,18737,,2LZ6,/Users/tiburon/Desktop/CSP_UBQ/CS_Lists/15407_21.str,/Users/tiburon/Desktop/CSP_UBQ/CS_Lists/18737_21.str,2.0,24.85,,100.0,6.0,24.85,,0.0,False,False,True,False
18802,18808,,2M0G,/Users/tiburon/Desktop/CSP_UBQ/CS_Lists/18802_21.str,/Users/tiburon/Desktop/CSP_UBQ/CS_Lists/18808_21.str,6.5,24.85,,70.0,6.5,24.85,,70.0,False,True,True,False
19034,18808,,2M0G,/Users/tiburon/Desktop/CSP_UBQ/CS_Lists/19034_21.str,/Users/tiburon/Desktop/CSP_UBQ/CS_Lists/18808_21.str,6.0,24.85,,129.8,6.5,24.85,,70.0,False,True,True,False
4154,19038,,2M56,/Users/tiburon/Desktop/CSP_UBQ/CS_Lists/4154_21.str,/Users/tiburon/Desktop/CSP_UBQ/CS_Lists/19038_21.str,7.4,16.85,,,7.4,16.85,,100.0,False,True,True,False
17415,19038,,2M56,/Users/tiburon/Desktop/CSP_UBQ/CS_Lists/17415_21.str,/Users/tiburon/Desktop/CSP_UBQ/CS_Lists/19038_21.str,7.4,24.85,,100.0,7.4,16.85,,100.0,False,True,False,False
5656,19043,,2M5A,/Users/tiburon/Desktop/CSP_UBQ/CS_Lists/5656_21.str,/Users/tiburon/Desktop/CSP_UBQ/CS_Lists/19043_21.str,6.5,29.85,,,5.6,-0.15,,95.0,False,False,False,False
6804,19043,,2M5A,/Users/tiburon/Desktop/CSP_UBQ/CS_Lists/6804_21.str,/Users/tiburon/Desktop/CSP_UBQ/CS_Lists/19043_21.str,,24.85,,,5.6,-0.15,,95.0,False,False,False,False
15945,19230,,2M86,/Users/tiburon/Desktop/CSP_UBQ/CS_Lists/15945_21.str,/Users/tiburon/Desktop/CSP_UBQ/CS_Lists/19230_21.str,6.5,20,,125.0,6.5,26.85,,133.0,False,True,False,False
18610,19447,,2MCN,/Users/tiburon/Desktop/CSP_UBQ/CS_Lists/18610_21.str,/Users/tiburon/Desktop/CSP_UBQ/CS_Lists/19447_21.str,6.5,-15.15,,10.0,6.0,24.85,,0.0,False,True,False,False
16641,19447,,2MCN,/Users/tiburon/Desktop/CSP_UBQ/CS_Lists/16641_21.str,/Users/tiburon/Desktop/CSP_UBQ/CS_Lists/19447_21.str,6.0,24.85,,0.0,6.0,24.85,,0.0,False,True,True,False
19849,19850,,2MMA,/Users/tiburon/Desktop/CSP_UBQ/CS_Lists/19849_21.str,/Users/tiburon/Desktop/CSP_UBQ/CS_Lists/19850_21.str,6.0,24.85,,50.0,7.0,24.85,,50.0,False,False,True,False
18610,25070,,2MRE,/Users/tiburon/Desktop/CSP_UBQ/CS_Lists/18610_21.str,/Users/tiburon/Desktop/CSP_UBQ/CS_Lists/25070_21.str,6.5,-15.15,,10.0,6.5,-0.15,,125.0,False,True,False,False
25071,25070,,2MRE,/Users/tiburon/Desktop/CSP_UBQ/CS_Lists/25071_21.str,/Users/tiburon/Desktop/CSP_UBQ/CS_Lists/25070_21.str,6.5,-0.15,,150.0,6.5,-0.15,,125.0,False,True,True,False
25368,25504,,2MZW,/Users/tiburon/Desktop/CSP_UBQ/CS_Lists/25368_21.str,/Users/tiburon/Desktop/CSP_UBQ/CS_Lists/25504_21.str,8.0,-0.15,,310.0,8.0,-0.15,,300.0,False,True,True,False
17503,25504,,2MZW,/Users/tiburon/Desktop/CSP_UBQ/CS_Lists/17503_21.str,/Users/tiburon/Desktop/CSP_UBQ/CS_Lists/25504_21.str,8.0,24.85,,300.0,8.0,-0.15,,300.0,False,True,False,False
25883,25829,,2N80,/Users/tiburon/Desktop/CSP_UBQ/CS_Lists/25883_21.str,/Users/tiburon/Desktop/CSP_UBQ/CS_Lists/25829_21.str,6.9,-0.15,,,6.9,-0.15,,10.0,False,True,True,False
51835,25829,,2N80,/Users/tiburon/Desktop/CSP_UBQ/CS_Lists/51835_3.str,/Users/tiburon/Desktop/CSP_UBQ/CS_Lists/25829_21.str,7.4,13.85,,150.0,6.9,-0.15,,10.0,False,True,False,False
25883,25833,,2N83,/Users/tiburon/Desktop/CSP_UBQ/CS_Lists/25883_21.str,/Users/tiburon/Desktop/CSP_UBQ/CS_Lists/25833_21.str,6.9,-0.15,,,,-0.15,,,False,False,True,False
25828,25833,,2N83,/Users/tiburon/Desktop/CSP_UBQ/CS_Lists/25828_21.str,/Users/tiburon/Desktop/CSP_UBQ/CS_Lists/25833_21.str,,27.85,,,,-0.15,,,False,False,False,False
25913,25914,,2N9P,/Users/tiburon/Desktop/CSP_UBQ/CS_Lists/25913_21.str,/Users/tiburon/Desktop/CSP_UBQ/CS_Lists/25914_21.str,6.0,24.85,,120.0,6.0,24.85,,120.0,False,True,True,False
16931,11471,,2RSE,/Users/tiburon/Desktop/CSP_UBQ/CS_Lists/16931_21.str,/Users/tiburon/Desktop/CSP_UBQ/CS_Lists/11471_21.str,7.0,25,,,7.0,24.85,,150.0,False,True,True,False
50325,11471,,2RSE,/Users/tiburon/Desktop/CSP_UBQ/CS_Lists/50325_3.str,/Users/tiburon/Desktop/CSP_UBQ/CS_Lists/11471_21.str,8.0,19.85,,,7.0,24.85,,150.0,False,False,True,False
30092,30093,,5JYV,/Users/tiburon/Desktop/CSP_UBQ/CS_Lists/30092_21.str,/Users/tiburon/Desktop/CSP_UBQ/CS_Lists/30093_21.str,7.0,24.85,,0.1,7.0,49.85,,0.1,False,True,False,False
30091,30093,,5JYV,/Users/tiburon/Desktop/CSP_UBQ/CS_Lists/30091_21.str,/Users/tiburon/Desktop/CSP_UBQ/CS_Lists/30093_21.str,7.0,24.85,,0.1,7.0,49.85,,0.1,False,True,False,False
27072,30345,,6B1G,/Users/tiburon/Desktop/CSP_UBQ/CS_Lists/27072_21.str,/Users/tiburon/Desktop/CSP_UBQ/CS_Lists/30345_21.str,7.4,-0.15,,,6.8,24.85,,0.0,False,False,False,False
36220,36221,,6IVU,/Users/tiburon/Desktop/CSP_UBQ/CS_Lists/36220_21.str,/Users/tiburon/Desktop/CSP_UBQ/CS_Lists/36221_21.str,6.2,24.85,,50.0,6.5,24.85,,50.0,False,True,True,False
4276,30605,,6OQJ,/Users/tiburon/Desktop/CSP_UBQ/CS_Lists/4276_21.str,/Users/tiburon/Desktop/CSP_UBQ/CS_Lists/30605_21.str,5.1,36.85,,,6.8,24.85,,20.0,False,False,False,False
30599,30605,,6OQJ,/Users/tiburon/Desktop/CSP_UBQ/CS_Lists/30599_21.str,/Users/tiburon/Desktop/CSP_UBQ/CS_Lists/30605_21.str,6.8,24.85,,20.0,6.8,24.85,,20.0,False,True,True,False
16620,27875,,6U19,/Users/tiburon/Desktop/CSP_UBQ/CS_Lists/16620_21.str,/Users/tiburon/Desktop/CSP_UBQ/CS_Lists/27875_21.str,6.5,24.85,,450.0,6.5,24.85,,50.0,False,True,True,False
17827,30659,,6U4N,/Users/tiburon/Desktop/CSP_UBQ/CS_Lists/17827_21.str,/Users/tiburon/Desktop/CSP_UBQ/CS_Lists/30659_21.str,6.8,24.85,,100.0,6.8,24.85,,50.0,False,True,True,False
51441,36473,,7X5C,/Users/tiburon/Desktop/CSP_UBQ/CS_Lists/51441_3.str,/Users/tiburon/Desktop/CSP_UBQ/CS_Lists/36473_3.str,7.5,25,50.0,70.0,7.0,24.85,300.0,300.0,False,True,True,False
34724,34727,,7ZEY,/Users/tiburon/Desktop/CSP_UBQ/CS_Lists/34724_3.str,/Users/tiburon/Desktop/CSP_UBQ/CS_Lists/34727_3.str,7.0,30,40.0,80.0,7.0,37,40.0,80.0,True,True,False,False
16983,34727,,7ZEY,/Users/tiburon/Desktop/CSP_UBQ/CS_Lists/16983_21.str,/Users/tiburon/Desktop/CSP_UBQ/CS_Lists/34727_3.str,6.9,29.85,,,7.0,37,40.0,80.0,False,True,False,False
18642,31177,,9C5E,/Users/tiburon/Desktop/CSP_UBQ/CS_Lists/18642_21.str,/Users/tiburon/Desktop/CSP_UBQ/CS_Lists/31177_3.str,7.25,24.85,,120.0,7.0,24.85,,100.0,False,True,True,False
18610,31177,,9C5E,/Users/tiburon/Desktop/CSP_UBQ/CS_Lists/18610_21.str,/Users/tiburon/Desktop/CSP_UBQ/CS_Lists/31177_3.str,6.5,-15.15,,10.0,7.0,24.85,,100.0,False,True,False,False
15670,34986,,9QLM,/Users/tiburon/Desktop/CSP_UBQ/CS_Lists/15670_21.str,/Users/tiburon/Desktop/CSP_UBQ/CS_Lists/34986_3.str,7.0,19.85,,,7.0,19.85,,44.0,False,True,True,False
