apo_bmrb,holo_bmrb,apo_pdb,holo_pdb,ec_classes,scope_fold_type,receptor_chain_id,bmrb_holo_seq_source,bmrb_holo_seq_from_pdb_fallback,bmrb_apo_seq_source,bmrb_apo_seq_from_pdb_fallback,bmrb_holo_seq,bmrb_apo_seq,bmrb_holo_seq_length,bmrb_apo_seq_length,pdb_polymer_entity_id,uniprot_resolution_source,uniprot_accession,uniprot_seq,uniprot_seq_length,blast_bitscore,blast_identity,blast_rank_reason,rcsb_ncbi_taxonomy_id,rcsb_reference_uniprots_json,bifurcation_label,length_ratio_used,classification_rule,error_reason
52275,5299,,1KLQ,Non-enzyme protein,"alpha and beta proteins (a+b), artifacts",a,bmrb_aggregate,0,bmrb_aggregate,0,SWYSYPGPQRIVAEFFSFGINSILYQRGIYXSETFTRVQKYGLTLLVTTDLELIKYLNNVVEQLKDWLYKCSVQKLVVVISNIESGEVLERWQFDIECDKTAKDDSAPREKSQKAIQDEIRSVIRQITATVTFLPLLEVSCSFDLLIYTDKDLVVPEKWEESGPQFITNSEEVRLRSFTTTIHKVNSMVAYKIPVND,MALQLSREQGITLRGSAEIVAEFFSFGINSILYQRGIYPSETFTRVQKYGLTLLVTTDLELIKYLNNVVEQLKDXXXKCXVQKLVVVISNIESGEVLERWQFDIECXXTAKDDSAPREKSQKAIQDEIRSVIXQITATVTFLPLLEVSCSFDLLIYTDKDLVVPEKWEESGPQFITXSEEVRLRSFTTTIHKVNSXVAYKXXVND,197,205,1,rcsb,Q13257,MALQLSREQGITLRGSAEIVAEFFSFGINSILYQRGIYPSETFTRVQKYGLTLLVTTDLELIKYLNNVVEQLKDWLYKCSVQKLVVVISNIESGEVLERWQFDIECDKTAKDDSAPREKSQKAIQDEIRSVIRQITATVTFLPLLEVSCSFDLLIYTDKDLVVPEKWEESGPQFITNSEEVRLRSFTTTIHKVNSMVAYKIPVND,205,n/a,n/a,rcsb_polymer_entity_direct,9606,"[""Q13257""]",full_length,1.5,uniprot_len > 1.5 * bmrb_holo_seq_length => domain,
51289,5480,,1sy9,Non-enzyme protein,all alpha proteins,a,bmrb_aggregate,0,bmrb_aggregate,0,QQRRGGFRRIARLVGVLREWAYGNFRITTKELGTVMRSLGQNPTEAELQDMINEVDADGNGTIDFPEFLTMMARKMKDTDSEEEIREAFRVFDKDGNGYISAAELRHVMTNLGEKLTDEEVDEMIREADIDGDGQVNYEEFVQMMTAK,DQLTEEQIAEFKEAFSLFDKDGDGTITTKELGTVMRSLGQNPTEAELQDMINEVDADGNGTIDFPEFLTMMARKMKDTDSEEEIREAFRVFDKDGNGYISAAELRHVMTNLGEKLTDEEVDEMIREADIDGDGQVNYEEFVQMMTAK,148,147,1,rcsb,P0DP33,MADQLTEEQIAEFKEAFSLFDKDGDGTITTKELGTVMRSLGQNPTEAELQDMINEVDADGNGTIDFPEFLTMMARKMKDTDSEEEIREAFRVFDKDGNGYISAAELRHVMTNLGEKLTDEEVDEMIREADIDGDGQVNYEEFVQMMTAK,149,n/a,n/a,rcsb_polymer_entity_direct,8355,"[""P0DP33""]",full_length,1.5,uniprot_len > 1.5 * bmrb_holo_seq_length => domain,
6809,7024,,2FFK,Non-enzyme protein,all beta proteins,a,bmrb_aggregate,0,bmrb_aggregate,0,APMGSDXPTACCFSYTEEENKHHMGIDVYIKVTKQDQTATNDKICQSVTEITESESDWDQEVESEDDSTSVEDVDXXTTYYSIIGGGLRMNFGFTKCXQIKSISESADXXTVNARLSSVSXGQGKXSXAITHEEALAMIKDCEVSIXIRCSXEEKDSDIKTHXVLGSNISXKKVSYEDIIGSTIVDTKCVKNLEFSVRIGDMCKESXELEVKDGFKYVDGSASKGATDDTXLIDXTKLKACV,PASLQXXXXXXXXXTEEENKHHMGIDVIIKVTKQDQTPTNDKICQSVTEITESESDPDPEVESEDDSTSVEDVDXPTTYYSIIGGGLRMNFGFTKCPQIKSISESADXNTVNARLSSVSPGQGKDSPAITHEEALAMIKDCEVSXXXXCSEEEKDSDIKTHPVLGSNISHKKVSYEDIIGXXXXXXXXVKNLEFSVRIGDMCKESSELEVKDGFKYXXXSASKGATDDTSLIDSTKLKACV,242,241,1,rcsb,O10647,MKQYIVLACMCLAAAAMPASLQQSSSSSSSCTEEENKHHMGIDVIIKVTKQDQTPTNDKICQSVTEITESESDPDPEVESEDDSTSVEDVDPPTTYYSIIGGGLRMNFGFTKCPQIKSISESADGNTVNARLSSVSPGQGKDSPAITHEEALAMIKDCEVSIDIRCSEEEKDSDIKTHPVLGSNISHKKVSYEDIIGSTIVDTKCVKNLEFSVRIGDMCKESSELEVKDGFKYVDGSASKGATDDTSLIDSTKLKACV,258,n/a,n/a,rcsb_polymer_entity_direct,32606,"[""O10647""]",full_length,1.5,uniprot_len > 1.5 * bmrb_holo_seq_length => domain,
6809,7024,,2FIN,Non-enzyme protein,all beta proteins,a,bmrb_aggregate,0,bmrb_aggregate,0,APMGSDXPTACCFSYTEEENKHHMGIDVYIKVTKQDQTATNDKICQSVTEITESESDWDQEVESEDDSTSVEDVDXXTTYYSIIGGGLRMNFGFTKCXQIKSISESADXXTVNARLSSVSXGQGKXSXAITHEEALAMIKDCEVSIXIRCSXEEKDSDIKTHXVLGSNISXKKVSYEDIIGSTIVDTKCVKNLEFSVRIGDMCKESXELEVKDGFKYVDGSASKGATDDTXLIDXTKLKACV,PASLQXXXXXXXXXTEEENKHHMGIDVIIKVTKQDQTPTNDKICQSVTEITESESDPDPEVESEDDSTSVEDVDXPTTYYSIIGGGLRMNFGFTKCPQIKSISESADXNTVNARLSSVSPGQGKDSPAITHEEALAMIKDCEVSXXXXCSEEEKDSDIKTHPVLGSNISHKKVSYEDIIGXXXXXXXXVKNLEFSVRIGDMCKESSELEVKDGFKYXXXSASKGATDDTSLIDSTKLKACV,242,241,1,rcsb,O10647,MKQYIVLACMCLAAAAMPASLQQSSSSSSSCTEEENKHHMGIDVIIKVTKQDQTPTNDKICQSVTEITESESDPDPEVESEDDSTSVEDVDPPTTYYSIIGGGLRMNFGFTKCPQIKSISESADGNTVNARLSSVSPGQGKDSPAITHEEALAMIKDCEVSIDIRCSEEEKDSDIKTHPVLGSNISHKKVSYEDIIGSTIVDTKCVKNLEFSVRIGDMCKESSELEVKDGFKYVDGSASKGATDDTSLIDSTKLKACV,258,n/a,n/a,rcsb_polymer_entity_direct,32606,"[""O10647""]",full_length,1.5,uniprot_len > 1.5 * bmrb_holo_seq_length => domain,
5332,7293,,2I94,transferases,all alpha proteins,a,bmrb_aggregate,0,bmrb_aggregate,0,FGSLETVVANSAFIAARGSFDASEELSSWYQSFLKECPSGRITRQEFQTIYSKFFPEADPKAYAQHVFRSFDANSDGTLDFKEYVIALHMTSAGKXXQKLEWAFSLYDVDGNGTISKNEVLEIVTAIFKMISPEDTKHLXEDENTPEKRAEKIWGFFGKKDDDKLTEKEFIEGTLANKEILXLIQ,GNSKSGALSKEILEELQLNTKFTEEELSSWYQSFLKECPSGRITRQEFQTIYSKFFPEXXPKAYAQHVFRSFDAXXDGTLDFKEYVIALHMTSAGXXXXXLEWAFSLYDVDGNGTISKNEVLEIVTAIFKMISPEDTKHLPEDENTPEKRAEKIWGFFGKKDDDKLTEKEFIEGTLANKEILRLIXXXXXKVXEKLKEKKL,185,201,1,rcsb,P21457,MGNSKSGALSKEILEELQLNTKFTEEELSSWYQSFLKECPSGRITRQEFQTIYSKFFPEADPKAYAQHVFRSFDANSDGTLDFKEYVIALHMTSAGKTNQKLEWAFSLYDVDGNGTISKNEVLEIVTAIFKMISPEDTKHLPEDENTPEKRAEKIWGFFGKKDDDKLTEKEFIEGTLANKEILRLIQFEPQKVKEKLKEKKL,202,n/a,n/a,rcsb_polymer_entity_direct,9913,"[""P21457""]",full_length,1.5,uniprot_len > 1.5 * bmrb_holo_seq_length => domain,
6075,15028,,2IPA,oxidoreductases,alpha and beta proteins (a/b),b,bmrb_aggregate,0,bmrb_aggregate,0,ENKIIYFLSTGNSARSQMAEGWAKQYLGDEWKVYSAGIEAHGLNPNAVKAMKEVGIDISNQTSDIIDSDILNNADLVVTLSGDAADKCPMTPPHVKREHWGFDDPARAQGTEEEKWAFFQRVRDEIGNRLKEFAETGK,ENKIIYFLCTGNSCRSQMAEGWAKQYLGDEWKVYSAGIEAHGLNPNAVKAMKEVGIDISNQTSDIIDSDILNNADLVVTLCXXAADKCPMTXPHVKREHWGFDDPARAQGTEEEKWAFFQRVRDEIGNRLKEFAETGK,138,138,2,rcsb,P45947,MENKIIYFLCTGNSCRSQMAEGWAKQYLGDEWKVYSAGIEAHGLNPNAVKAMKEVGIDISNQTSDIIDSDILNNADLVVTLCGDAADKCPMTPPHVKREHWGFDDPARAQGTEEEKWAFFQRVRDEIGNRLKEFAETGK,139,n/a,n/a,rcsb_polymer_entity_direct,1423,"[""P45947""]",full_length,1.5,uniprot_len > 1.5 * bmrb_holo_seq_length => domain,
15503,15504,,2jw1,Non-enzyme protein,No SCOPe classification found (not present in SCOPe release),a,bmrb_aggregate,0,bmrb_aggregate,0,SETTLLEDEKSLVSYLNYXSIPNDLLWSFNTTNKSINVYSKCISGKAVYSFNAGKFMGNFNVKEVDGCFMDAQKIAIDKLFSMLKDGVVLKGXKIXXTILIEKDGEVKLKLIRGI,SSNSEKEWHIVPVSKDYFSIPNDLLWSFNTTNKSINVYSKCISGKAVYSFNAGKFMGNFNVKEVDGCFMDAQKIAIDKLFSMLKDGVVLKGXXXNDTILIEKDGEVKLKLIRGI,115,114,1,rcsb,P0A1X2,MIRHGSNKLKIFILSILLLTLSGCALKSSSNSEKEWHIVPVSKDYFSIPNDLLWSFNTTNKSINVYSKCISGKAVYSFNAGKFMGNFNVKEVDGCFMDAQKIAIDKLFSMLKDGVVLKGNKINDTILIEKDGEVKLKLIRGI,142,n/a,n/a,rcsb_polymer_entity_direct,623,"[""P0A1X2""]",full_length,1.5,uniprot_len > 1.5 * bmrb_holo_seq_length => domain,
51289,15624,,2jzi,hydrolases,all alpha proteins,a,bmrb_aggregate,0,bmrb_aggregate,0,ARKEVIRNKIRAIGKMARVFSVLRGTITTKELGTVMRSLGQNPTEAELQDMINEVDADGNGTIDFPEFLTMMARKMKDTDSEEEIREAFRVFDKDGNGYISAAELRHVMTNLGEKLTDEEVDEMIREADIDGDGQVNYEEFVQMMTAK,DQLTEEQIAEFKEAFSLFDKDGDGTITTKELGTVMRSLGQNPTEAELQDMINEVDADGNGTIDFPEFLTMMARKMKDTDSEEEIREAFRVFDKDGNGYISAAELRHVMTNLGEKLTDEEVDEMIREADIDGDGQVNYEEFVQMMTAK,148,147,1,rcsb,P0DP23,MADQLTEEQIAEFKEAFSLFDKDGDGTITTKELGTVMRSLGQNPTEAELQDMINEVDADGNGTIDFPEFLTMMARKMKDTDSEEEIREAFRVFDKDGNGYISAAELRHVMTNLGEKLTDEEVDEMIREADIDGDGQVNYEEFVQMMTAK,149,n/a,n/a,rcsb_polymer_entity_direct,9606,"[""P0DP23""]",full_length,1.5,uniprot_len > 1.5 * bmrb_holo_seq_length => domain,
5958,15877,,2K6Q,Non-enzyme protein,"alpha and beta proteins (a+b), artifacts",a,bmrb_aggregate,0,bmrb_aggregate,0,MSGGDDDWTHLSSKEVDVEDVRLIREQHPTKIPVIIERYKGEKQLPVLDKTKFLVPDHVNMSELIKIIRRRLQLNANQAFFLLVNGHSMVSVSTPISEVYESERDEDGFLYMVYASQETFG,MPSEKTFKQRRTFEQRVEDVRLIREQHXTKIPVIIERYKGEKQLPVLDKTKFLVPDHVNMSELIKIIRRRLQLNANQAFFLLVNGHSMVSVSTPISEVYESEKDEDGFLYMVYASQETFG,121,120,1,rcsb,Q62625,MPSEKTFKQRRSFEQRVEDVRLIREQHPTKIPVIIERYKGEKQLPVLDKTKFLVPDHVNMSELIKIIRRRLQLNANQAFFLLVNGHSMVSVSTPISEVYESERDEDGFLYMVYASQETFGTALAVTYMSALKATATGREPCL,142,n/a,n/a,rcsb_polymer_entity_direct,10116,"[""Q62625""]",full_length,1.5,uniprot_len > 1.5 * bmrb_holo_seq_length => domain,
16066,16065,,2KC8,hydrolases,No SCOPe classification found (not present in SCOPe release),a,bmrb_aggregate,0,bmrb_aggregate,0,SHKQTLLSDEDAELVEIVKERLRNPKPVRVTLDELLESPRIEANKLRGMPDCYKIKLRSSGYRLVYQVIDEKVVVFVISVGKAEASEVYSEAVKRIL,MAYFLDFDERALKEWRKLGSTVREQLKKKLVEVLESPRIEANKLRGMPDCYKIKLRSSGYRLVYQVIDEKVVVFVISVGKAEASEVYSEAVKRIL,97,95,1,rcsb,P0C077,MAYFLDFDERALKEWRKLGSTVREQLKKKLVEVLESPRIEANKLRGMPDCYKIKLRSSGYRLVYQVIDEKVVVFVISVGKRERSEVYSEAVKRIL,95,n/a,n/a,rcsb_polymer_entity_direct,83333,"[""P0C077""]",full_length,1.5,uniprot_len > 1.5 * bmrb_holo_seq_length => domain,
16585,15357,2KQ3,2khs,hydrolases,all beta proteins,a,bmrb_aggregate,0,bmrb_aggregate,0,ATSTKKLHKEPATLIKAIDGDTVKLMYKGQPMTFRLLLVDTXETKXPKKGVEKYGXXASAFTKKMVENAKKIEVEFDKGQRTDKYGRGLAYIYADGKMVNEALVRQGLAKVAYVYKPNNTHXXVAYVYKPNNTHEQLLRKSEAQAKKEKLNIWSED,ATSTKKLHKEPATLIKAIDGDTVKLMYKGQPMTFRLLLVDTPETKHPKKGVEXYGXEASAFTKKMVENAKKIEVEFDKGQRTDKYGRGLAYIYADGKMVNEALVRQGLAKVAYVYKPNNTHEQLLRKSEAQAKKEKLNIW,156,140,1,rcsb,P00644,MLVMTEYLLSAGICMAIVSILLIGMAISNVSKGQYAKRFFFFATSCLVLTLVVVSSLSSSANASQTDNGVNRSGSEDPTVYSATSTKKLHKEPATLIKAIDGDTVKLMYKGQPMTFRLLLVDTPETKHPKKGVEKYGPEASAFTKKMVENAKKIEVEFDKGQRTDKYGRGLAYIYADGKMVNEALVRQGLAKVAYVYKPNNTHEQHLRKSEAQAKKEKLNIWSEDNADSGQ,231,n/a,n/a,rcsb_polymer_entity_direct,1280,"[""P00644""]",full_length,1.5,uniprot_len > 1.5 * bmrb_holo_seq_length => domain,
15763,17067,,2L0Y,Non-enzyme protein,No SCOPe classification found (not present in SCOPe release),a,bmrb_aggregate,0,bmrb_aggregate,0,TMXGLVDSNXAXXESQEKKXLKTXSASEETKKARDASIIEKGEEHPNGLIEAHKESMRALGFKICGEQFKSAFSCFHYSTEEIKGSDCVDQFRAMQECMQKYPDLYXQXXXXXXXXXXXXXAEQAEETAPIEATATKEEEGSS,GLILPNGNINWNCPCLGGMASGPCGEQFKSAFSCFHYSTEEIKGSDCVDQFRAMQECMQKYPDLYP,143,66,1,rcsb,Q8N4Q1,MSYCRQEGKDRIIFVTKEDHETPSSAELVADDPNDPYEEHGLILPNGNINWNCPCLGGMASGPCGEQFKSAFSCFHYSTEEIKGSDCVDQFRAMQECMQKYPDLYPQEDEDEEEEREKKPAEQAEETAPIEATATKEEEGSS,142,n/a,n/a,rcsb_polymer_entity_direct,9606,"[""Q8N4Q1""]",full_length,1.5,uniprot_len > 1.5 * bmrb_holo_seq_length => domain,
17254,17255,,2L4T,Non-enzyme protein,all beta proteins,a,bmrb_aggregate,0,bmrb_aggregate,0,KENLESMVVTAVVQRVEIHKLRQGENLILGFSIGGGIDQDPSQNPFSEDKTDKGIYVTRVSEGGPAEIAGLQIGDKIMQVNGWDMTMVTHDQARKRLTKRSEEVVRLLVTRQSLQKAVQQSMLS,MSYIPGQPVTAVVQRVEIHKLRQGENLILGFSIGGGIDQDPSQNPFSEDKTDKGIYVTRVSEGGPAEIAGLQIGDKIMQVNGWDMTMVTHDQARKRLTKRSEEVVRLLVTRQSLQKAVQQSMLS,124,124,1,rcsb,O14907,MSYIPGQPVTAVVQRVEIHKLRQGENLILGFSIGGGIDQDPSQNPFSEDKTDKGIYVTRVSEGGPAEIAGLQIGDKIMQVNGWDMTMVTHDQARKRLTKRSEEVVRLLVTRQSLQKAVQQSMLS,124,n/a,n/a,rcsb_polymer_entity_direct,9606,"[""O14907""]",full_length,1.5,uniprot_len > 1.5 * bmrb_holo_seq_length => domain,
51289,17807,,2lgf,Non-enzyme protein,No SCOPe classification found (not present in SCOPe release),a,bmrb_aggregate,0,bmrb_aggregate,0,AFIIWLARRLKKGKKSLFDKDGDGTITTKELGTVMRSLGQNPTEAELQDMINEVDADGNGTIDFPEFLTMMARKMKDTDSEEEIREAFRVFDKDGNGYISAAELRHVMTNLGEKLTDEEVDEMIREADIDGDGQVNYEEFVQMMTAK,DQLTEEQIAEFKEAFSLFDKDGDGTITTKELGTVMRSLGQNPTEAELQDMINEVDADGNGTIDFPEFLTMMARKMKDTDSEEEIREAFRVFDKDGNGYISAAELRHVMTNLGEKLTDEEVDEMIREADIDGDGQVNYEEFVQMMTAK,147,147,1,rcsb,P0DP23,MADQLTEEQIAEFKEAFSLFDKDGDGTITTKELGTVMRSLGQNPTEAELQDMINEVDADGNGTIDFPEFLTMMARKMKDTDSEEEIREAFRVFDKDGNGYISAAELRHVMTNLGEKLTDEEVDEMIREADIDGDGQVNYEEFVQMMTAK,149,n/a,n/a,rcsb_polymer_entity_direct,9606,"[""P0DP23""]",full_length,1.5,uniprot_len > 1.5 * bmrb_holo_seq_length => domain,
16835,17879,,2LI5,Non-enzyme protein,"alpha and beta proteins (a+b), artifacts",a,bmrb_aggregate,0,bmrb_aggregate,0,GPHMISGLSVIKQEVERLGNDVFEWEDDESDEIAEKAEKSDIPEIDKRKYLVPADLTVGQFVYVIRKRIMLPPEKAIFIFVNDTLPPTAALMSAIYQEHKDKDGFLYVTYSGENTFG,MKSTFKSEYPFEKRKAESERIADRFPNRIPVICEKAEKSDIPEIDKRKYLVPADLTVGQFVYVIRKRIMLPPEKAIFIFVNDTLPPTAALMSAIYQEHKDKDGFLYVTYSGENTFG,117,116,1,rcsb,P38182,MKSTFKSEYPFEKRKAESERIADRFKNRIPVICEKAEKSDIPEIDKRKYLVPADLTVGQFVYVIRKRIMLPPEKAIFIFVNDTLPPTAALMSAIYQEHKDKDGFLYVTYSGENTFGR,117,n/a,n/a,rcsb_polymer_entity_direct,559292,"[""P38182""]",full_length,1.5,uniprot_len > 1.5 * bmrb_holo_seq_length => domain,
18250,18238,,2LP8,Non-enzyme protein,No SCOPe classification found (not present in SCOPe release),a,bmrb_aggregate,0,bmrb_aggregate,0,CVGRALAAFGDCIKLSQKGYSWSQFSDVEENRTEAPEGTESEAVKQALREAGDEFELRXXXAFSDLTSQLHITPGTAYQSFEQVVNELFRDGVNWGRIVAFFSFGGALCVESVDKEMQVLVSRIAAWMATYLNDHLEPWIQENGGWDTFVELYGNNAAAESRKGQERL,MSQSNRELVVDFLSYKLSQKGYSWSQFSDVEENRTEAPEGTESEAVKQALREAGDEFELRYRRAFSDLTSQLHITXGTAYQSFEQVVNELFRDGVNWGRIVAFFSFGGALCVESVDKEMQVLVSRIAAWMATYLNDHLEPWIQENGGWDTFVELYGNNAAAESRKGQERLE,168,171,1,rcsb,Q07817,MSQSNRELVVDFLSYKLSQKGYSWSQFSDVEENRTEAPEGTESEMETPSAINGNPSWHLADSPAVNGATGHSSSLDAREVIPMAAVKQALREAGDEFELRYRRAFSDLTSQLHITPGTAYQSFEQVVNELFRDGVNWGRIVAFFSFGGALCVESVDKEMQVLVSRIAAWMATYLNDHLEPWIQENGGWDTFVELYGNNAAAESRKGQERFNRWFLTGMTVAGVVLLGSLFSRK,233,n/a,n/a,rcsb_polymer_entity_direct,9606,"[""Q07817""]",full_length,1.5,uniprot_len > 1.5 * bmrb_holo_seq_length => domain,
51289,17771,,2m0j,Non-enzyme protein,all alpha proteins,a,bmrb_aggregate,0,bmrb_aggregate,0,PRRGRGGFQRIVRLVGVIRDWANKNFRTKELGTVMRSLGQNPTEAELQDMINEVDADGNGTIDFPEFLTMMARKMKDTDSEEEIREAFRVFDKDGNGYISAAELRHVMTNLGEKLTDEEVDEMIREADIDGDGQVNYEEFVQMMTAK,DQLTEEQIAEFKEAFSLFDKDGDGTITTKELGTVMRSLGQNPTEAELQDMINEVDADGNGTIDFPEFLTMMARKMKDTDSEEEIREAFRVFDKDGNGYISAAELRHVMTNLGEKLTDEEVDEMIREADIDGDGQVNYEEFVQMMTAK,147,147,1,rcsb,P0DP23,MADQLTEEQIAEFKEAFSLFDKDGDGTITTKELGTVMRSLGQNPTEAELQDMINEVDADGNGTIDFPEFLTMMARKMKDTDSEEEIREAFRVFDKDGNGYISAAELRHVMTNLGEKLTDEEVDEMIREADIDGDGQVNYEEFVQMMTAK,149,n/a,n/a,rcsb_polymer_entity_direct,9606,"[""P0DP23""]",full_length,1.5,uniprot_len > 1.5 * bmrb_holo_seq_length => domain,
51289,17771,,2m0k,Non-enzyme protein,all alpha proteins,a,bmrb_aggregate,0,bmrb_aggregate,0,PRRGRGGFQRIVRLVGVIRDWANKNFRTKELGTVMRSLGQNPTEAELQDMINEVDADGNGTIDFPEFLTMMARKMKDTDSEEEIREAFRVFDKDGNGYISAAELRHVMTNLGEKLTDEEVDEMIREADIDGDGQVNYEEFVQMMTAK,DQLTEEQIAEFKEAFSLFDKDGDGTITTKELGTVMRSLGQNPTEAELQDMINEVDADGNGTIDFPEFLTMMARKMKDTDSEEEIREAFRVFDKDGNGYISAAELRHVMTNLGEKLTDEEVDEMIREADIDGDGQVNYEEFVQMMTAK,147,147,1,rcsb,P0DP23,MADQLTEEQIAEFKEAFSLFDKDGDGTITTKELGTVMRSLGQNPTEAELQDMINEVDADGNGTIDFPEFLTMMARKMKDTDSEEEIREAFRVFDKDGNGYISAAELRHVMTNLGEKLTDEEVDEMIREADIDGDGQVNYEEFVQMMTAK,149,n/a,n/a,rcsb_polymer_entity_direct,9606,"[""P0DP23""]",full_length,1.5,uniprot_len > 1.5 * bmrb_holo_seq_length => domain,
4154,19038,,2M56,oxidoreductases,alpha and beta proteins (a+b),b,bmrb_aggregate,0,bmrb_aggregate,0,LKVVYVSVDGTRRELFDADGVSLLSAAVSNGIYVIQESNVXDXVWTXXNGYVNEAFTDKVXAANEREIGMXESVTAELKRNSRXAYXIIMTXELDGIXVDVXDXQWXXXXXXXXXKXXXRXXXXXXSXXESXXXQGQCNFTEDYXEXXXXXXFXXXXGLXEEXXXXXXXXXXXXXXXXGXXXFXXAXXALXXXXXXIXEXXXXKXGXXAXXXVAXGQVNGRXIXXXXAKXMXGXXXXXXXXXXVXXXXXSMXXXXKSXEXRXELIQXXERXXXAXXXXXXRFSXXXXXRILTSDYEFHGVQLKKGDQXLLXXMXXXXXERXNACXMXVDFSRXXXXHXXXXXXXXLXXXQXXXXXXXXXXXXXXXXXXXDFSXAXXAQIQHKXGIXXGXQALXXVXXXATTKAV,SKVVYVSHDGTRRELDVADGVSLMQAAVSNGIYDIXXXXXXXXXXXXXHVYVNEAFTDKVPAANEREIGMLECVTAELKPNSRXXXQIIMTPELDGIVVDVPDRQW,404,106,2,rcsb,P00259,MSKVVYVSHDGTRRELDVADGVSLMQAAVSNGIYDIVGDCGGSASCATCHVYVNEAFTDKVPAANEREIGMLECVTAELKPNSRLCCQIIMTPELDGIVVDVPDRQW,107,n/a,n/a,rcsb_polymer_entity_direct,303,"[""P00259""]",full_length,1.5,uniprot_len > 1.5 * bmrb_holo_seq_length => domain,
50942,19045,,2M5B,Non-enzyme protein,No SCOPe classification found (not present in SCOPe release),a,bmrb_aggregate,0,bmrb_aggregate,0,EDIIRNIARHLADVGDVXDRSIFYRHQQEQEAEGVAAPADPEMVTLPLQPSSTMGQVGRQLAIIGDDINRRYDSEFQTMLQHLQPTAENAYEYFTKIATSLFESGINWGRVVALLGFGYRLALHVYQHGLTGFLGQVTRFVVDFMLHHCIARWIAQRGGWVAALNLGNG,AXSXXGQGPGXPRQECGEPALPSASEEQVAQDTEEVFRSYVFYRXXXXXXAEGVAAXXXXXXXXXXXXXSSTMGQVGRQLAIIGDDINRRYDSEFQTMLQHXXPTAENAXXYFTKIATSLFESGINWGRVVALLGFGYRLALHVYQHGLXXXXXQVTRFVVDFMLHHCIARWIAQRGGWVAALNLGNG,169,188,1,rcsb,Q16611,MASGQGPGPPRQECGEPALPSASEEQVAQDTEEVFRSYVFYRHQQEQEAEGVAAPADPEMVTLPLQPSSTMGQVGRQLAIIGDDINRRYDSEFQTMLQHLQPTAENAYEYFTKIATSLFESGINWGRVVALLGFGYRLALHVYQHGLTGFLGQVTRFVVDFMLHHCIARWIAQRGGWVAALNLGNGPILNVLVVLGVVLLGQFVVRRFFKS,211,n/a,n/a,rcsb_polymer_entity_direct,9606,"[""Q16611""]",full_length,1.5,uniprot_len > 1.5 * bmrb_holo_seq_length => domain,
19428,19429,,2MC6,transferases,No SCOPe classification found (not present in SCOPe release),a,bmrb_aggregate,0,bmrb_aggregate,0,DLLNLFNQYVNAFGSQRXXVLTVKVENDEGWTLVEEDFDRADYGSDPEFVAEVSSYLKRNGGIKDLT,NEFTQISGYVNAFGSQRXSVLTVKVENDEGWTLVEEDFDRADYGSDPEFVAEVSSYLKRNGGIKXLTKVL,67,70,1,rcsb,Q8LTJ5,MNEFTQISGYVNAFGSQRGSVLTVKVENDEGWTLVEEDFDRADYGSDPEFVAEVSSYLKRNGGIKDLTKVLTR,73,n/a,n/a,rcsb_polymer_entity_direct,232237,"[""Q8LTJ5""]",full_length,1.5,uniprot_len > 1.5 * bmrb_holo_seq_length => domain,
51289,19238,,2mes,Non-enzyme protein,all alpha proteins,a,bmrb_aggregate,0,bmrb_aggregate,0,DQLTEEQIAEFKEAFSLFDKDGDGTITTKELGTVMRSLGQNPTEAELQDMINEVDADGNGTIDFPEFLTMMARKMKDTDSEEEIREAFRVFDKDGNGYISAAELRHVMTNLGEKLTDEEVDEMIREADIDGDGQVNYEEFVQMMTAK,DQLTEEQIAEFKEAFSLFDKDGDGTITTKELGTVMRSLGQNPTEAELQDMINEVDADGNGTIDFPEFLTMMARKMKDTDSEEEIREAFRVFDKDGNGYISAAELRHVMTNLGEKLTDEEVDEMIREADIDGDGQVNYEEFVQMMTAK,147,147,1,rcsb,P0DP33,MADQLTEEQIAEFKEAFSLFDKDGDGTITTKELGTVMRSLGQNPTEAELQDMINEVDADGNGTIDFPEFLTMMARKMKDTDSEEEIREAFRVFDKDGNGYISAAELRHVMTNLGEKLTDEEVDEMIREADIDGDGQVNYEEFVQMMTAK,149,n/a,n/a,rcsb_polymer_entity_direct,8355,"[""P0DP33""]",full_length,1.5,uniprot_len > 1.5 * bmrb_holo_seq_length => domain,
52209,25694,,2N55,Non-enzyme protein,"alpha and beta proteins (a+b), artifacts",a,bmrb_aggregate,0,bmrb_aggregate,0,GSMEGISIYTSDNYTEEMGSGDYDSMKEPAFREENANFNKVARLKNNNRQVCIDPKCKWCQEYLEKALNK,PVSLSYRCPCRFFESHVARANVKHLKILNTPNCALQIVARLKNNNRQVCIDPKCKWCQEYLEKALNK,70,67,1,rcsb,P48061,MNAKVVVVLVLVLTALCLSDGKPVSLSYRCPCRFFESHVARANVKHLKILNTPNCALQIVARLKNNNRQVCIDPKLKWIQEYLEKALNKRFKM,93,n/a,n/a,rcsb_polymer_entity_direct,9606,"[""P48061""]",full_length,1.5,uniprot_len > 1.5 * bmrb_holo_seq_length => domain,
5958,25919,1V49,2n9x,Non-enzyme protein,No SCOPe classification found (not present in SCOPe release),a,bmrb_aggregate,0,bmrb_aggregate,0,MYESDDDKYEVLDLTEYEDVRLIREQHPTKIPVIIERYKGEKQLPVLDKTKFLVPDHVNMSELIKIIRRRLQLNANQAFFLLVNGHSMVSVSTPISEVYESEKDEDGFLYMVYASQETFG,MPSEKTFKQRRTFEQRVEDVRLIREQHXTKIPVIIERYKGEKQLPVLDKTKFLVPDHVNMSELIKIIRRRLQLNANQAFFLLVNGHSMVSVSTPISEVYESEKDEDGFLYMVYASQETFG,120,120,1,rcsb,Q9GZQ8,MPSEKTFKQRRTFEQRVEDVRLIREQHPTKIPVIIERYKGEKQLPVLDKTKFLVPDHVNMSELIKIIRRRLQLNANQAFFLLVNGHSMVSVSTPISEVYESEKDEDGFLYMVYASQETFGMKLSV,125,n/a,n/a,rcsb_polymer_entity_direct,9606,"[""Q9GZQ8""]",full_length,1.5,uniprot_len > 1.5 * bmrb_holo_seq_length => domain,
16931,11471,,2RSE,"isomerases, transferases",No SCOPe classification found (not present in SCOPe release),a,bmrb_aggregate,0,bmrb_aggregate,0,VAILWHEMWHEGLEEASRLYTGERNVKGMFEVLEPLHAMMERGPQTKKETSFNQAYGRDLMEAQEWCRKYMKSGNVKDLTQAWDLYYHVFRRISATLVFDVELLKLE,GVQVETISPGDGRTFPKRGQTCVVHYTGMLEDGKKFDSSRDRNKPFKFMLGKQEVIRGWEEGVAQMSVGQRAKLTISPDYAYGATGHXGIIXPHATLVFDVELLKLE,107,107,1,rcsb,P62942,MGVQVETISPGDGRTFPKRGQTCVVHYTGMLEDGKKFDSSRDRNKPFKFMLGKQEVIRGWEEGVAQMSVGQRAKLTISPDYAYGATGHPGIIPPHATLVFDVELLKLE,108,n/a,n/a,rcsb_polymer_entity_direct,9606,"[""P62942""]",full_length,1.5,uniprot_len > 1.5 * bmrb_holo_seq_length => domain,
16811,11570,,2RUI,Non-enzyme protein,No SCOPe classification found (not present in SCOPe release),a,bmrb_aggregate,0,bmrb_aggregate,0,LPADASKIDQPDLAEVANASLDKKQVIGRISIPSVSLELPVLKSSTEKNLLSGAATVKENQVMGKGNYALAGHXMSKKGVLFSDIASLKKGDKIYLYDNENEYEYAVTGVSEVTPDKWEVVEDHGKDEITLITXVSVKDNSKRYVVAGDLVGTKAKK,MDASKIDQPDLAEVANASLDKKQVIGRISIPSVSLELPVLKSSTEKNLLSGAATVKENQVMGKGNYALAGHNMSKKGVLFSDIASLKKGDKIYLYDNENEYEYAVTGVSEVTPDKWEVVEDHGKDEITLITXXXXXXXXKRYVVAGDLVGTKAKK,157,155,1,rcsb,Q81V16,MYIQQYYLIILYRVRFCKGKELYMNKQRIYSIVAILLFVVGGVLIGKPFYDGYQAEKKQTENVQAVQKMDYEKHETEFVDASKIDQPDLAEVANASLDKKQVIGRISIPSVSLELPVLKSSTEKNLLSGAATVKENQVMGKGNYALAGHNMSKKGVLFSDIASLKKGDKIYLYDNENEYEYAVTGVSEVTPDKWEVVEDHGKDEITLITCVSVKDNSKRYVVAGDLVGTKAKK,233,n/a,n/a,rcsb_polymer_entity_direct,260799,"[""Q81V16""]",full_length,1.5,uniprot_len > 1.5 * bmrb_holo_seq_length => domain,
51289,30063,,5j8h,transferases,all alpha proteins,a,bmrb_aggregate,0,bmrb_aggregate,0,PANSFHFKEAWKHAIQKAKHMPDPWATTKELGTVMRSLGQNPTEAELQDMINEVDADGNGTIDFPEFLTMMARKMKDTDSEEEIREAFRVFDKDGNGYISAAELRHVMTNLGEKLTDEEVDEMIREADIDGDGQVNYEEFVQMMTAK,DQLTEEQIAEFKEAFSLFDKDGDGTITTKELGTVMRSLGQNPTEAELQDMINEVDADGNGTIDFPEFLTMMARKMKDTDSEEEIREAFRVFDKDGNGYISAAELRHVMTNLGEKLTDEEVDEMIREADIDGDGQVNYEEFVQMMTAK,147,147,1,rcsb,P0DP23,MADQLTEEQIAEFKEAFSLFDKDGDGTITTKELGTVMRSLGQNPTEAELQDMINEVDADGNGTIDFPEFLTMMARKMKDTDSEEEIREAFRVFDKDGNGYISAAELRHVMTNLGEKLTDEEVDEMIREADIDGDGQVNYEEFVQMMTAK,149,n/a,n/a,rcsb_polymer_entity_direct,9606,"[""P0DP23""]",full_length,1.5,uniprot_len > 1.5 * bmrb_holo_seq_length => domain,
51289,34161,,5oeo,Non-enzyme protein,No SCOPe classification found (not present in SCOPe release),a,bmrb_aggregate,0,bmrb_aggregate,0,AADEDDQEQIAEFKEAFSLFDKDADGSLALKQLGTVMRSLGQXPTEGWEILRQNTLGHLNLGLNLSEGDGEEMARKMKDTDXEEEIREAFRVFDKDGNGYISAAELRHVMTNLGEKLTDEEVDEMIREADIDGDGQVNYEEFVQMMTAK,DQLTEEQIAEFKEAFSLFDKDGDGTITTKELGTVMRSLGQNPTEAELQDMINEVDADGNGTIDFPEFLTMMARKMKDTDSEEEIREAFRVFDKDGNGYISAAELRHVMTNLGEKLTDEEVDEMIREADIDGDGQVNYEEFVQMMTAK,149,147,1,rcsb,P0DP23,MADQLTEEQIAEFKEAFSLFDKDGDGTITTKELGTVMRSLGQNPTEAELQDMINEVDADGNGTIDFPEFLTMMARKMKDTDSEEEIREAFRVFDKDGNGYISAAELRHVMTNLGEKLTDEEVDEMIREADIDGDGQVNYEEFVQMMTAK,149,n/a,n/a,rcsb_polymer_entity_direct,9606,"[""P0DP23""]",full_length,1.5,uniprot_len > 1.5 * bmrb_holo_seq_length => domain,
34247,34248,,6G04,Non-enzyme protein,No SCOPe classification found (not present in SCOPe release),a,bmrb_aggregate,0,bmrb_aggregate,0,GSHMSTQYIDETAFVQAEQGKTNLMFSDEKQQARFELGVSMVIYKWDALDVAVENSWGGPDSAEKRDWITGIVVDLFKNEKVVDAALIEETLLYAMIDEFETNVEDDSALPIAVEVINIYNDCFNLNYNKVEKLYLEWQEKQRTKKSKRVVHIEG,GSHMSTQYIDETAFVQAEQGKTNLMFSDEKQQARFELGVSMVIYKWDALDVAVENSWGGPDSAEKRDWITGIVVDLFKNEKVVDAALIEETLLYAMIDEFETNVEDDSALPIAVEVINIYNDCFNLNYNKVEKLYLEWQEKQRTKKSKRVVHIEG,155,155,1,rcsb,Q06672,MSTQYIDETAFVQAEQGKTNLMFSDEKQQARFELGVSMVIYKWDALDVAVENSWGGPDSAEKRDWITGIVVDLFKNEKVVDAALIEETLLYAMIDEFETNVEDDSALPIAVEVINIYNDCFNLNYNKVEKLYLEWQEKQRTKKSKRVVHIEGDDDEDDEDVEDYDDEDEDEEMDEVVPDLVSSKPEPIVDEDGFELVQPKGRRKH,205,n/a,n/a,rcsb_polymer_entity_direct,559292,"[""Q06672""]",full_length,1.5,uniprot_len > 1.5 * bmrb_holo_seq_length => domain,
18827,34307,,6h8c,Non-enzyme protein,"alpha and beta proteins (a+b), artifacts",a,bmrb_aggregate,0,bmrb_aggregate,0,GAMEIIHEDNEWGIELVSEKIRAKYPDRVPVIVEKVSGSQIVDIDKRKYLVPSDITVAQFMWIIRKRIQLPSEKAIFLFVDKTVPQSSLTMGQLYEKEKDEDGFLYVAYSGENTFG,SMKWXFKEDHSLEHRCVESAKIRAKYPDRVPVIVEKVXGSQIVDIDXRKYLVPSDITVAQFMWIIRKRIQLPSEKAIFLFVDKTVPQSSLTMGQLYEKEKDEDGFLYVAYSGENTFGF,116,118,1,rcsb,P60520,MKWMFKEDHSLEHRCVESAKIRAKYPDRVPVIVEKVSGSQIVDIDKRKYLVPSDITVAQFMWIIRKRIQLPSEKAIFLFVDKTVPQSSLTMGQLYEKEKDEDGFLYVAYSGENTFGF,117,n/a,n/a,rcsb_polymer_entity_direct,9606,"[""P60520""]",full_length,1.5,uniprot_len > 1.5 * bmrb_holo_seq_length => domain,
27579,31080,,8SG2,"isomerases, transferases",No SCOPe classification found (not present in SCOPe release),a,bmrb_chain,0,bmrb_aggregate,0,ADEEKLPPGWEKRMSRSSGRVYYFNHITNASQWERPSGNSSSGGKNGQGEPARVRCSHLLVKHSQSRRPSSWRQEKITRTKEEALELINGYIQKIKSGEEDFESLASQFSDCSSAKARGDLGAFSRGQMQKPFEDASFALRTGEMSGPVFTDSGIHIILRTE,MADEEKLPPGWEKRMSRSSGRVYYFNHITNASQWERPSGNSSSGGKNGQGEPARVRCSHLLVKHSQSRRPSSWRQEKITRTKEEALELINGYIQKIKSGEEDFESLASQFSDCSSAKARGDLGAFSRGQMQKPFEDASFALRTGEMSGPVFTDSGIHIILRTE,162,163,1,rcsb,Q13526,MADEEKLPPGWEKRMSRSSGRVYYFNHITNASQWERPSGNSSSGGKNGQGEPARVRCSHLLVKHSQSRRPSSWRQEKITRTKEEALELINGYIQKIKSGEEDFESLASQFSDCSSAKARGDLGAFSRGQMQKPFEDASFALRTGEMSGPVFTDSGIHIILRTE,163,n/a,n/a,rcsb_polymer_entity_direct,9606,"[""Q13526""]",full_length,1.5,uniprot_len > 1.5 * bmrb_holo_seq_length => domain,
