residue_number,residue_name,chain_id,min_any_atom_distance,passes_filter,passes_sub_2A_filter,nearest_ligand_residue,distance_threshold
1263,MET,A,9.8647,False,False,379,6.0000
1264,SER,A,8.5317,False,False,370,6.0000
1265,THR,A,5.8245,True,False,370,6.0000
1266,ALA,A,5.9485,True,False,377,6.0000
1267,ALA,A,2.9873,True,False,377,6.0000
1268,ASP,A,3.2068,True,False,370,6.0000
1269,LEU,A,2.0445,True,False,371,6.0000
1270,LEU,A,1.6792,True,True,377,6.0000
1271,ARG,A,2.0653,True,False,377,6.0000
1272,GLN,A,1.5517,True,True,371,6.0000
1273,GLY,A,2.1858,True,False,374,6.0000
1274,ALA,A,1.8192,True,True,371,6.0000
1275,ALA,A,1.4422,True,True,369,6.0000
1276,CYS,A,1.6560,True,True,368,6.0000
1277,SER,A,1.7843,True,True,367,6.0000
1278,VAL,A,5.4733,True,False,367,6.0000
1279,LEU,A,6.8733,False,False,367,6.0000
1280,TYR,A,9.8889,False,False,367,6.0000
1281,LEU,A,12.3051,False,False,367,6.0000
1282,THR,A,15.8893,False,False,367,6.0000
1283,SER,A,17.3154,False,False,374,6.0000
1284,VAL,A,19.8008,False,False,374,6.0000
1285,GLU,A,21.8324,False,False,374,6.0000
1286,THR,A,19.7408,False,False,380,6.0000
1287,GLU,A,20.1728,False,False,380,6.0000
1288,SER,A,22.8986,False,False,380,6.0000
1289,LEU,A,20.4062,False,False,380,6.0000
1290,THR,A,19.7005,False,False,380,6.0000
1291,GLY,A,17.5863,False,False,380,6.0000
1292,PRO,A,19.4182,False,False,380,6.0000
1293,GLN,A,22.2198,False,False,380,6.0000
1294,ALA,A,19.7695,False,False,380,6.0000
1295,VAL,A,17.8947,False,False,367,6.0000
1296,ALA,A,22.4680,False,False,367,6.0000
1297,ARG,A,23.4427,False,False,367,6.0000
1298,ALA,A,19.6853,False,False,367,6.0000
1299,SER,A,18.5709,False,False,367,6.0000
1300,SER,A,22.0429,False,False,367,6.0000
1301,ALA,A,22.4385,False,False,367,6.0000
1302,ALA,A,18.0091,False,False,367,6.0000
1303,LEU,A,18.5168,False,False,367,6.0000
1304,SER,A,23.2306,False,False,367,6.0000
1305,CYS,A,22.7342,False,False,367,6.0000
1306,SER,A,19.1959,False,False,367,6.0000
1307,PRO,A,21.5595,False,False,367,6.0000
1308,ARG,A,17.5264,False,False,367,6.0000
1309,PRO,A,18.1451,False,False,367,6.0000
1310,THR,A,14.2989,False,False,367,6.0000
1311,PRO,A,11.2252,False,False,367,6.0000
1312,ALA,A,9.5236,False,False,367,6.0000
1313,VAL,A,4.5426,True,False,367,6.0000
1314,VAL,A,6.6016,False,False,367,6.0000
1315,HIS,A,4.1498,True,False,369,6.0000
1316,PHE,A,5.8057,True,False,374,6.0000
1317,LYS,A,1.5437,True,True,374,6.0000
1318,VAL,A,4.2465,True,False,374,6.0000
1319,SER,A,2.1039,True,False,378,6.0000
1320,ALA,A,2.2688,True,False,379,6.0000
1321,GLN,A,1.3674,True,True,378,6.0000
1322,GLY,A,5.2470,True,False,378,6.0000
1323,ILE,A,5.5396,True,False,374,6.0000
1324,THR,A,2.0554,True,False,374,6.0000
1325,LEU,A,5.9154,True,False,374,6.0000
1326,THR,A,5.8120,True,False,374,6.0000
1327,ASP,A,9.8071,False,False,374,6.0000
1328,ASN,A,9.0797,False,False,369,6.0000
1329,GLN,A,9.2773,False,False,367,6.0000
1330,ARG,A,14.5808,False,False,374,6.0000
1331,LYS,A,13.4027,False,False,367,6.0000
1332,LEU,A,14.1999,False,False,367,6.0000
1333,PHE,A,12.1012,False,False,374,6.0000
1334,PHE,A,10.7611,False,False,374,6.0000
1335,ARG,A,6.8018,False,False,374,6.0000
1336,ARG,A,6.5743,False,False,374,6.0000
1337,HIS,A,2.6275,True,False,374,6.0000
1338,TYR,A,6.9389,False,False,374,6.0000
1339,PRO,A,7.3710,False,False,378,6.0000
1340,VAL,A,3.8508,True,False,380,6.0000
1341,ASN,A,7.5773,False,False,380,6.0000
1342,SER,A,9.8335,False,False,380,6.0000
1343,ILE,A,9.1805,False,False,380,6.0000
1344,THR,A,10.6930,False,False,380,6.0000
1345,PHE,A,12.4807,False,False,380,6.0000
1346,SER,A,12.6076,False,False,380,6.0000
1347,SER,A,15.5230,False,False,368,6.0000
1348,THR,A,11.7746,False,False,368,6.0000
1349,ASP,A,16.6519,False,False,367,6.0000
1350,PRO,A,19.3937,False,False,367,6.0000
1351,GLN,A,21.5620,False,False,367,6.0000
1352,ASP,A,17.6989,False,False,367,6.0000
1353,ARG,A,16.2493,False,False,367,6.0000
1354,ARG,A,14.3941,False,False,367,6.0000
1355,TRP,A,11.5858,False,False,367,6.0000
1356,THR,A,14.2481,False,False,367,6.0000
1357,ASN,A,9.4111,False,False,367,6.0000
1358,PRO,A,12.6808,False,False,367,6.0000
1359,ASP,A,12.0983,False,False,367,6.0000
1360,GLY,A,14.3510,False,False,367,6.0000
1361,THR,A,9.7521,False,False,367,6.0000
1362,THR,A,10.4459,False,False,367,6.0000
1363,SER,A,8.4249,False,False,367,6.0000
1364,LYS,A,10.4136,False,False,367,6.0000
1365,ILE,A,12.9174,False,False,367,6.0000
1366,PHE,A,11.7037,False,False,367,6.0000
1367,GLY,A,15.4898,False,False,367,6.0000
1368,PHE,A,11.2245,False,False,374,6.0000
1369,VAL,A,13.7509,False,False,380,6.0000
1370,ALA,A,13.1077,False,False,374,6.0000
1371,LYS,A,12.7030,False,False,380,6.0000
1372,LYS,A,16.2648,False,False,374,6.0000
1373,PRO,A,14.2984,False,False,374,6.0000
1374,GLY,A,18.1596,False,False,374,6.0000
1375,SER,A,19.1400,False,False,380,6.0000
1376,PRO,A,15.7220,False,False,380,6.0000
1377,TRP,A,18.6236,False,False,380,6.0000
1378,GLU,A,18.4238,False,False,380,6.0000
1379,ASN,A,16.3185,False,False,380,6.0000
1380,VAL,A,16.9780,False,False,374,6.0000
1381,CYS,A,17.2960,False,False,374,6.0000
1382,HIS,A,12.7469,False,False,374,6.0000
1383,LEU,A,14.3154,False,False,367,6.0000
1384,PHE,A,10.6399,False,False,367,6.0000
1385,ALA,A,8.0122,False,False,367,6.0000
1386,GLU,A,6.3589,False,False,367,6.0000
1387,LEU,A,2.0707,True,False,367,6.0000
1388,ASP,A,2.1506,True,False,367,6.0000
1389,PRO,A,1.6192,True,True,367,6.0000
1390,ASP,A,2.2683,True,False,368,6.0000
1391,GLN,A,2.4433,True,False,368,6.0000
1392,PRO,A,5.9821,True,False,368,6.0000
1393,ALA,A,7.7541,False,False,368,6.0000
1394,GLY,A,9.8765,False,False,368,6.0000
1395,ALA,A,7.3988,False,False,368,6.0000
1396,ILE,A,6.0847,False,False,368,6.0000
1397,VAL,A,10.6253,False,False,368,6.0000
1398,THR,A,11.5927,False,False,368,6.0000
1399,PHE,A,6.5507,False,False,371,6.0000
1400,ILE,A,8.0843,False,False,379,6.0000
1401,THR,A,9.1583,False,False,379,6.0000
1402,LYS,A,6.3521,False,False,379,6.0000
1403,VAL,A,2.6677,True,False,379,6.0000
1404,LEU,A,5.0595,True,False,380,6.0000
1405,LEU,A,7.0090,False,False,380,6.0000
1406,GLY,A,6.3428,False,False,380,6.0000
1407,GLN,A,9.3614,False,False,379,6.0000
1408,ARG,A,8.7859,False,False,379,6.0000
1409,LYS,A,10.6775,False,False,380,6.0000
